N,Identifier,dist(asec),prob. member,link ref,link comment,Mag U,Mag B,Mag V,Mag R,Mag I,Sp type,"#ref 
1850 - 2019"
320,2E 114,2525.86,0,2009ApJ...703..441D,B,17.038,16.64,15.66,15.091,14.4,~,60
321,2E 114,2525.86,100,2008ApJS..177..174N,B,17.038,16.64,15.66,15.091,14.4,~,60
322,2E 114,2525.86,100,2009A&A...495..733S,B,17.038,16.64,15.66,15.091,14.4,~,60
323,2E 114,2525.86,100,2009AJ....137...94C,B,17.038,16.64,15.66,15.091,14.4,~,60
324,2E 114,2525.86,100,2010MNRAS.402..803P,B,17.038,16.64,15.66,15.091,14.4,~,60
325,2E 114,2525.86,100,2016ApJ...824...42C,B,17.038,16.64,15.66,15.091,14.4,~,60
50,2E 141,3406.71,0,2009AJ....137...94C,B,,17.05,16.3,,,~,45
1720,2E 146,1009.92,100,2009AJ....137...94C,B,18.77,18.18,16.83,15.92,14.93,~,46
1721,2E 146,1009.92,100,2010MNRAS.402..803P,B,18.77,18.18,16.83,15.92,14.93,~,46
1722,2E 146,1009.92,100,2016ApJ...824...42C,B,18.77,18.18,16.83,15.92,14.93,~,46
2171,2E 148,1452.55,0,2009A&A...495..733S,B,,,,,,~,11
2388,2E 153,306.1,100,2008A&A...480..599S,S,17.73,17.24,16.13,15.69,14.98,~,65
2389,2E 153,306.1,100,2009AJ....137...94C,B,17.73,17.24,16.13,15.69,14.98,~,65
2390,2E 153,306.1,100,2010MNRAS.402..803P,B,17.73,17.24,16.13,15.69,14.98,~,65
2391,2E 153,306.1,100,2012ApJ...752...95J,B,17.73,17.24,16.13,15.69,14.98,~,65
2392,2E 153,306.1,100,2016ApJ...824...42C,B,17.73,17.24,16.13,15.69,14.98,~,65
1375,2E 165,1246.13,100,2009AJ....137...94C,B,18.22,17.83,16.83,16.22,15.81,~,49
1376,2E 165,1246.13,100,2010MNRAS.402..803P,B,18.22,17.83,16.83,16.22,15.81,~,49
1377,2E 165,1246.13,100,2016ApJ...824...42C,B,18.22,17.83,16.83,16.22,15.81,~,49
1558,2E 166,1230.17,0,2009ApJ...703..441D,B,15.5,15,14.22,13.679,13.02,~,123
1559,2E 166,1230.17,100,2009AJ....137...94C,B,15.5,15,14.22,13.679,13.02,~,123
1560,2E 166,1230.17,100,2010MNRAS.402..803P,B,15.5,15,14.22,13.679,13.02,~,123
1561,2E 166,1230.17,100,2016ApJ...824...42C,B,15.5,15,14.22,13.679,13.02,~,123
3174,2E 169,2480.31,90,2009ApJ...703..441D,S,18.8,18.51,17.51,17.07,16.59,~,56
3175,2E 169,2480.31,100,2009AJ....137...94C,B,18.8,18.51,17.51,17.07,16.59,~,56
3176,2E 169,2480.31,100,2010MNRAS.402..803P,B,18.8,18.51,17.51,17.07,16.59,~,56
3177,2E 169,2480.31,100,2016ApJ...824...42C,B,18.8,18.51,17.51,17.07,16.59,~,56
6105,2MASS J00333442+4011072,7367.59,0,2010MNRAS.402..803P,B,,,,,,~,2
6106,2MASS J00333442+4011072,7367.59,50,2007AJ....134..706K,S,,,,,,~,2
6137,2MASS J00352968+4029321,5666.62,50,2007AJ....134..706K,S,,,,,,~,2
6152,2MASS J00361255+4052388,4649.27,0,2010MNRAS.402..803P,B,,,,,,~,2
6153,2MASS J00361255+4052388,4649.27,50,2007AJ....134..706K,S,,,,,,~,2
5467,2MASS J00363352+4039450,4733.02,100,2007AJ....134..706K,S,18.98,18.51,17.7,17.23,16.79,~,4
3101,2MASS J00363876+4216285,5462.07,0,2009AJ....137...94C,B,,18.3,17.53,,,~,13
6185,2MASS J00371055+4019516,5075.37,50,2007AJ....134..706K,S,,,,,,~,2
520,2MASS J00371255+3950168,6389.38,0,2009AJ....137...94C,B,,18.55,16.66,,,~,8
521,2MASS J00371845+4021195,4949.42,0,2009AJ....137...94C,B,,19.1,17.28,,,~,8
522,2MASS J00371845+4021195,4949.42,0,2009ApJ...703..441D,B,,19.1,17.28,,,~,8
3798,2MASS J00373986+3958387,5798.79,75,2009ApJ...703..420M,S,21.352,20.567,18.674,17.528,16.253,M1Ia,8
3799,2MASS J00373986+3958387,5798.79,90,2004yCat.2250....0S,S,21.352,20.567,18.674,17.528,16.253,M1Ia,8
3800,2MASS J00373986+3958387,5798.79,100,2006AJ....131.2478M,B,21.352,20.567,18.674,17.528,16.253,M1Ia,8
1878,2MASS J00374839+4024539,4552.32,0,2009ApJ...703..441D,B,,14.162,13.711,,13.119,~,2
1879,2MASS J00380367+4018294,4702.74,0,2009ApJ...703..441D,B,,14.298,13.777,,13.073,~,3
1880,2MASS J00380978+4009094,5088.11,0,2009ApJ...703..441D,B,,14.053,13.554,,12.837,~,3
1161,2MASS J00381362+4051266,3400.56,0,2010MNRAS.402..803P,B,19.11,18.9,17.93,17.34,,~,6
878,2MASS J00381980+4114307,2984.35,100,2009AJ....137...94C,B,,,16.36,,,~,10
1881,2MASS J00382694+4012126,4823.2,0,2009ApJ...703..441D,B,,14.028,13.07,,12.016,~,3
9577,2MASS J00383132+4032298,3883.13,75,2009ApJ...703..420M,S,,21.279,19.415,18.389,17.359,~,2
1882,2MASS J00383762+4028083,4014.96,0,2009ApJ...703..441D,B,,13.69,13.31,,12.73,~,2
1883,2MASS J00384555+4019067,4364.97,0,2009ApJ...703..441D,B,,13.827,13.315,,12.72,~,3
1566,2MASS J00390326+4030426,3702.57,100,2009ApJ...703..420M,S,22.775,20.629,18.747,17.672,16.607,~,4
1567,2MASS J00390427+4038087,3377.5,0,2009ApJ...703..441D,B,,15.32,14.954,,14.345,~,3
1569,2MASS J00390814+4032223,3591.48,0,2009ApJ...703..441D,B,,16.03,15.31,,,G8V,3
5717,2MASS J00390923+4028298,3757.38,75,2007AJ....134..706K,S,,,,,,~,2
1884,2MASS J00391318+4020574,4086.79,0,2009ApJ...703..441D,B,,14.47,13.91,,13.21,~,3
9578,2MASS J00391984+4037597,3255.8,75,2009ApJ...703..420M,S,21.629,21.044,19.367,18.455,,~,2
1571,2MASS J00392871+4051275,2661.67,0,2009ApJ...703..441D,B,,15.81,15.27,,,~,4
1885,2MASS J00393119+4027516,3631.27,0,2009ApJ...703..441D,B,,12.94,12.813,,12.453,~,5
1886,2MASS J00393381+4019523,4008.87,0,2009ApJ...703..441D,B,,14.672,14.28,,13.81,~,4
1573,2MASS J00393567+4109468,2162.49,0,2009ApJ...703..441D,B,,14.82,14.428,,13.772,~,3
1764,2MASS J00393620+4048493,2685.76,0,2009ApJ...703..441D,B,,18.42,17.62,,,~,3
7805,2MASS J00393660+4013352,4316.28,0,2009ApJ...703..441D,B,,17.16,16.25,,,~,2
6235,2MASS J00393886+4134389,2363.63,50,2007AJ....134..706K,S,,,,,,~,2
1577,2MASS J00394188+4041367,2925.08,0,2009ApJ...703..441D,B,,15.66,14.95,,,~,3
5724,2MASS J00394204+4052206,2507.03,75,2007AJ....134..706K,S,,,,,,~,2
1578,2MASS J00394262+4106560,2123.85,0,2009ApJ...703..441D,B,,15.057,14.506,,13.758,~,3
9582,2MASS J00394291+4020510,3903.99,75,2009ApJ...703..420M,S,,21.9,19.854,18.416,16.916,~,2
1754,2MASS J00394842+4053131,2417.68,0,2009ApJ...703..441D,B,,17.96,17.03,,,~,3
1581,2MASS J00395056+4035086,3150.21,0,2009ApJ...703..441D,B,,14.969,14.45,14.102,13.806,~,3
268,2MASS J00395083+4053319,2384.42,75,2009ApJ...703..420M,S,,22.445,19.991,18.698,17.332,M1I,5
1585,2MASS J00395130+4053036,2396.41,75,2009ApJ...703..420M,S,22.835,20.434,17.841,16.592,,~,4
1586,2MASS J00395757+4056325,2221.01,0,2009ApJ...703..441D,B,,14.73,14.43,,13.78,~,3
1587,2MASS J00395767+4021592,3758.91,0,2009ApJ...703..441D,B,,19.61,18.25,,,~,3
1588,2MASS J00395906+4022053,3745.77,0,2009ApJ...703..441D,B,,13.382,13.17,,12.58,~,3
5731,2MASS J00400003+4022147,3732.16,75,2007AJ....134..706K,S,,,,,,~,2
9552,2MASS J00400432+4014114,4137,75,2009ApJ...703..420M,S,21.955,21.515,19.703,18.832,19.113,~,2
8089,2MASS J00400833+4103248,1919.44,0,2009ApJ...703..441D,B,,16.92,16.65,,,~,2
1591,2MASS J00400872+4059443,2014.26,0,2009ApJ...703..441D,B,,19.7,18.47,,,~,3
1592,2MASS J00401007+4057054,2084.08,0,2009ApJ...703..441D,B,,14.14,13.854,,13.18,~,3
1593,2MASS J00401241+4056047,2096.46,0,2009ApJ...703..441D,B,,14.057,13.749,,13.06,~,3
1594,2MASS J00401502+4100475,1921.48,0,2009ApJ...703..441D,B,,18.88,18.02,,,~,4
1756,2MASS J00401864+4051271,2215.12,0,2009ApJ...703..441D,B,,19.17,18.2,,,~,3
5483,2MASS J00401900+4100520,1879.62,100,2007AJ....134..706K,S,20.32,19.64,18.66,18.1,17.57,~,4
1598,2MASS J00402416+4045297,2427.85,0,2009ApJ...703..441D,B,,14.6,14.22,13.93,13.66,~,4
2010,2MASS J00402451+4044447,2459.58,100,2009ApJ...703..420M,S,23.756,21.952,19.802,18.435,16.941,~,3
1599,2MASS J00402464+4053502,2069.4,0,2009ApJ...703..441D,B,,16.26,15.37,,,~,3
1995,2MASS J00402532+4046229,2378.69,75,2009ApJ...703..420M,S,22.848,21.922,19.906,18.811,17.673,M0I,4
1887,2MASS J00402637+4102310,1759.02,0,2009ApJ...703..441D,B,,14.61,14.32,,13.67,~,4
1601,2MASS J00402754+4027216,3311.71,0,2009ApJ...703..441D,B,,18.4,17.47,,,~,3
1988,2MASS J00402905+4042099,2549.18,100,2009ApJ...703..420M,S,22.855,21.556,19.622,18.625,17.48,M1I,4
1603,2MASS J00402927+4040097,2644.94,0,2009ApJ...703..441D,B,,14.894,14.05,13.56,13.13,~,3
2002,2MASS J00403012+4044480,2416.66,75,2009ApJ...703..420M,S,22.87,21.493,19.773,18.849,17.912,K1I,4
2005,2MASS J00403063+4042460,2509.42,100,2006AJ....131.2478M,B,,21.416,19.285,17.951,16.417,M3I,5
2006,2MASS J00403063+4042460,2509.42,100,2009ApJ...703..420M,S,,21.416,19.285,17.951,16.417,M3I,5
2004,2MASS J00403091+4043292,2473.09,75,2009ApJ...703..420M,S,,22.317,19.989,18.498,16.838,M2I,4
1888,2MASS J00403168+4052116,2076.4,0,2009ApJ...703..441D,B,,13.709,13.273,12.9,12.681,~,6
2001,2MASS J00403192+4043128,2479.14,100,2009ApJ...703..420M,S,,21.842,19.961,18.852,17.531,M1I,4
2003,2MASS J00403237+4045192,2376.33,75,2009ApJ...703..420M,S,,21.873,19.847,18.648,17.296,M1I,4
8239,2MASS J00403313+4101425,1715.84,0,2009ApJ...703..441D,B,,17.15,16.3,,,~,2
6262,2MASS J00403324+4051534,2076.51,25,2009AJ....137...94C,S,,,19.52,,,~,3
6263,2MASS J00403324+4051534,2076.51,50,2007AJ....134..706K,S,,,19.52,,,~,3
1607,2MASS J00403355+4036473,2786.79,75,2009ApJ...703..420M,S,20.971,20.273,18.443,17.527,16.638,K2I,6
1757,2MASS J00403383+4046579,2289.42,100,2009ApJ...703..420M,S,21.534,19.71,17.89,17.005,16.211,K2I,4
1889,2MASS J00403499+4031160,3064.98,0,2009ApJ...703..441D,B,,13.62,13.14,12.78,12.51,~,5
1991,2MASS J00403623+4046159,2304.57,75,2009ApJ...703..420M,S,23.42,21.837,19.999,18.897,17.658,~,3
1890,2MASS J00403911+4015015,3932.32,0,2009ApJ...703..441D,B,,13.26,12.99,,12.2,~,4
6520,2MASS J00404324+4046255,2247.98,0,2009ApJ...703..441D,B,,16.25,15.6,,,~,2
1613,2MASS J00404480+4031354,2995.95,0,2009ApJ...703..441D,B,,14.49,13.59,13.02,12.576,~,3
1614,2MASS J00404720+4044453,2302.21,75,2009ApJ...703..420M,S,,21.715,19.332,17.854,16.562,M2I,5
1891,2MASS J00404824+4021207,3541.07,0,2009ApJ...703..441D,B,,13.57,13.31,,12.61,~,4
1617,2MASS J00405031+4051330,1958.79,0,2009ApJ...703..441D,B,,18.16,17.18,,,~,3
9554,2MASS J00405229+4043564,2310.62,100,2009ApJ...703..420M,S,22.593,21.792,19.824,18.654,17.408,K1I,3
1620,2MASS J00405458+4031303,2952.12,0,2009ApJ...703..441D,B,,14.549,14.286,,13.67,F7,5
1621,2MASS J00405512+4108091,1322.1,0,2009ApJ...703..441D,B,,15.098,14.666,14.295,14.028,~,3
1622,2MASS J00405802+4047163,2107.93,0,2009ApJ...703..441D,B,,14.35,14.2,14.01,13.85,~,4
9555,2MASS J00405929+4036009,2684.84,75,2009ApJ...703..420M,S,21.49,21.465,19.073,18.019,16.989,M0I,3
1761,2MASS J00405948+4045425,2176.74,75,2009ApJ...703..420M,S,,21.218,18.712,17.357,15.989,M0I,5
1854,2MASS J00405987+4035275,2711.89,0,2009ApJ...703..441D,B,,14.601,13.809,13.3,12.91,~,4
1892,2MASS J00410225+4010368,4098.4,0,2009ApJ...703..441D,B,,13.722,13.543,,,~,2
1627,2MASS J00410261+4038356,2529.48,0,2009ApJ...703..441D,B,,15.18,14.75,14.38,14.11,~,4
1893,2MASS J00410358+4057568,1576.6,0,2009ApJ...703..441D,B,,14.007,13.43,13.107,12.915,~,5
1630,2MASS J00410375+4032130,2870.64,0,2009ApJ...703..441D,B,,14.434,14.11,13.784,13.5,~,3
1894,2MASS J00410558+4106304,1255.16,0,2009ApJ...703..441D,B,,14.037,13.581,13.236,12.996,~,4
1681,2MASS J00410716+4116360,1095.75,75,2009ApJ...703..420M,S,22.965,20.748,18.618,17.486,16.189,M1I,5
1895,2MASS J00410732+4027567,3093.08,0,2009ApJ...703..441D,B,,14.265,13.071,,11.859,~,4
1631,2MASS J00410757+4033236,2788.51,0,2009ApJ...703..441D,B,,14.445,13.694,13.192,12.772,~,6
2467,2MASS J00410915+4035528,2644.49,100,2008ApJS..177..174N,B,17.735,17.3,16.27,16.005,15.39,~,34
2468,2MASS J00410915+4035528,2644.49,100,2009AJ....137...94C,B,17.735,17.3,16.27,16.005,15.39,~,34
2469,2MASS J00410915+4035528,2644.49,100,2010MNRAS.402..803P,B,17.735,17.3,16.27,16.005,15.39,~,34
2470,2MASS J00410915+4035528,2644.49,100,2016ApJ...824...42C,B,17.735,17.3,16.27,16.005,15.39,~,34
1632,2MASS J00410968+4048220,1980.01,0,2009ApJ...703..441D,B,,18.86,17.61,,,~,3
1633,2MASS J00411039+4055041,1650.36,0,2009ApJ...703..441D,B,,14.53,14.14,13.87,13.72,~,5
1634,2MASS J00411079+4048287,1967.48,0,2009ApJ...703..441D,B,,18.31,17.55,,,~,3
9556,2MASS J00411415+4037596,2505.44,100,2009ApJ...703..420M,S,22.722,22.073,19.8,18.278,16.549,M0I,3
1762,2MASS J00411508+4048567,1918.02,0,2009ApJ...703..441D,B,,18.79,17.78,,,~,3
9557,2MASS J00411828+4049398,1862.15,100,2009ApJ...703..420M,S,22.871,21.522,19.492,18.123,16.641,M2I,3
5796,2MASS J00411917+4045041,2097.92,75,2007AJ....134..706K,S,20.124,,18.912,18.327,17.631,~,4
5797,2MASS J00411917+4045041,2097.92,100,2008ApJS..177..174N,B,20.124,,18.912,18.327,17.631,~,4
9558,2MASS J00412024+4038379,2442.87,100,2009ApJ...703..420M,S,23.129,20.897,18.884,17.639,16.259,M2-M1I,3
1638,2MASS J00412067+4106350,1104.31,0,2009ApJ...703..441D,B,,14.74,13.48,12.74,12.18,~,3
2582,2MASS J00412073+4058154,1428.84,0,2009ApJ...703..441D,B,,13.713,13.253,12.967,12.797,~,5
6521,2MASS J00412093+4114000,949.01,0,2009ApJ...703..441D,B,,18.07,17.44,,,~,2
1896,2MASS J00412243+4017425,3626.31,0,2009ApJ...703..441D,B,,13.468,13.07,,,~,2
2260,2MASS J00412375+4114596,911.14,50,2004yCat.2250....0S,S,,16.4,16.4,,,~,13
2261,2MASS J00412375+4114596,911.14,60,2008A&A...480..599S,S,,16.4,16.4,,,~,13
9583,2MASS J00412480+4112062,928.97,75,2009ApJ...703..420M,S,,22.141,19.523,17.993,16.471,M2I,3
1641,2MASS J00412507+4041538,2241.07,0,2009ApJ...703..441D,B,,14.88,14.02,13.46,12.99,~,4
9559,2MASS J00412517+4112145,922.81,75,2009ApJ...703..420M,S,,22.223,19.888,18.56,17.187,M1I,3
9580,2MASS J00412521+4112089,923.71,75,2009ApJ...703..420M,S,,21.635,19.069,17.592,16.065,M0I,3
9560,2MASS J00412571+4112128,917.35,75,2009ApJ...703..420M,S,,22.165,19.363,17.89,16.437,M2I,3
1643,2MASS J00412680+4112325,900.62,75,2009ApJ...703..420M,S,23.316,21.245,19.219,18.161,17.083,M1I,5
1710,2MASS J00412984+4050479,1737.33,0,2009ApJ...703..441D,B,,16.76,16.14,,,F8V,3
1644,2MASS J00413077+4044309,2071.27,0,2009ApJ...703..441D,B,,14.75,13.82,13.28,12.85,~,4
1685,2MASS J00413283+4126051,1002.8,100,2009AJ....137...94C,B,18.32,18.25,17.31,16.79,16.13,~,28
1686,2MASS J00413283+4126051,1002.8,100,2010MNRAS.402..803P,B,18.32,18.25,17.31,16.79,16.13,~,28
1687,2MASS J00413283+4126051,1002.8,100,2016ApJ...824...42C,B,18.32,18.25,17.31,16.79,16.13,~,28
9561,2MASS J00413349+4041317,2225.29,75,2009ApJ...703..420M,S,22.376,21.723,19.806,18.736,17.457,M1I,3
1648,2MASS J00413455+4036558,2480.89,0,2009ApJ...703..441D,B,,14.62,14.393,,13.72,~,4
1898,2MASS J00413799+4112386,776.94,0,2009ApJ...703..441D,B,,14.3,13.44,12.93,12.65,~,2
9562,2MASS J00413834+4123207,860.28,100,2009ApJ...703..420M,S,20.974,20.412,18.47,17.323,,dK7.0+,3
1690,2MASS J00413846+4125319,932.01,0,2009ApJ...703..441D,B,,15.161,14.745,14.603,14.331,~,3
1649,2MASS J00413866+4032157,2735.03,0,2009ApJ...703..441D,B,,14.43,14.16,,13.46,~,3
6289,2MASS J00413977+4056328,1382.86,25,2009AJ....137...94C,S,21.624,,19.605,18.861,18.052,~,5
6290,2MASS J00413977+4056328,1382.86,50,2007AJ....134..706K,S,21.624,,19.605,18.861,18.052,~,5
6291,2MASS J00413977+4056328,1382.86,100,2008ApJS..177..174N,B,21.624,,19.605,18.861,18.052,~,5
2332,2MASS J00414099+4104059,1016.05,50,2007AJ....134..706K,S,,,,,,~,8
2333,2MASS J00414099+4104059,1016.05,60,2008A&A...480..599S,S,,,,,,~,8
2334,2MASS J00414099+4104059,1016.05,75,2010MNRAS.402..803P,S,,,,,,~,8
1900,2MASS J00414300+4033574,2623.78,0,2009ApJ...703..441D,B,,14.33,13.81,,12.94,~,4
1901,2MASS J00414409+4022261,3293.09,0,2009ApJ...703..441D,B,,14.292,13.89,,13.13,~,3
1661,2MASS J00414721+4027324,2986.08,0,2009ApJ...703..441D,B,,15.111,14.691,,13.91,~,4
1692,2MASS J00414728+4116450,644.29,0,2009ApJ...703..441D,B,,15.777,15.22,14.884,14.659,~,3
676,2MASS J00414788+4104001,967.02,0,2009AJ....137...94C,B,,18.27,17.54,,,~,7
677,2MASS J00414788+4104001,967.02,0,2009ApJ...703..441D,B,,18.27,17.54,,,~,7
2566,2MASS J00414853+4020169,3409.89,0,2009ApJ...703..441D,B,,14.408,14.18,,13.54,~,2
2567,2MASS J00414867+4044129,2015.51,0,2009ApJ...703..441D,B,,13.98,13.06,12.52,12.061,~,6
1665,2MASS J00414989+4110574,688.01,0,2009ApJ...703..441D,B,,13.87,13.14,12.65,12.4,~,3
1022,2MASS J00415039+4112124,652.25,60,2008A&A...480..599S,S,18.53,18.01,16.65,,14.99,~,36
1023,2MASS J00415039+4112124,652.25,100,2009AJ....137...94C,B,18.53,18.01,16.65,,14.99,~,36
1024,2MASS J00415039+4112124,652.25,100,2010MNRAS.402..803P,B,18.53,18.01,16.65,,14.99,~,36
1025,2MASS J00415039+4112124,652.25,100,2016ApJ...824...42C,B,18.53,18.01,16.65,,14.99,~,36
210,2MASS J00415182+4124420,783.82,60,2008A&A...480..599S,S,,,,,,~,5
2583,2MASS J00415266+4055436,1355.99,0,2009ApJ...703..441D,B,,14.32,13.858,13.53,13.269,~,5
71,2MASS J00415300+4047096,1832.34,100,2007PASP..119....7K,S,16.05,15.81,15,14.48,14.03,~,74
72,2MASS J00415300+4047096,1832.34,100,2009A&A...495..733S,B,16.05,15.81,15,14.48,14.03,~,74
73,2MASS J00415300+4047096,1832.34,100,2009AJ....137...94C,B,16.05,15.81,15,14.48,14.03,~,74
74,2MASS J00415300+4047096,1832.34,100,2010MNRAS.402..803P,B,16.05,15.81,15,14.48,14.03,~,74
75,2MASS J00415300+4047096,1832.34,100,2016ApJ...824...42C,B,16.05,15.81,15,14.48,14.03,~,74
4136,2MASS J00415442+4107244,768.66,60,2008A&A...480..599S,S,,16.6,,,,~,11
1902,2MASS J00415773+4119111,556.3,0,2009ApJ...703..441D,B,,13.726,13.316,13.03,12.845,~,5
1671,2MASS J00420202+4050558,1585.52,0,2009ApJ...703..441D,B,,15.49,14.8,,,~,4
1672,2MASS J00420352+4042313,2068.4,0,2009ApJ...703..441D,B,,15.08,14.34,,13.36,~,4
1693,2MASS J00420477+4121003,533.24,0,2009ApJ...703..441D,B,,14.93,14.01,13.52,13.19,~,3
1922,2MASS J00420608+4102477,908.49,0,2009AJ....137...94C,B,,,18.8,,,~,21
1923,2MASS J00420608+4102477,908.49,0,2010MNRAS.402..803P,B,,,18.8,,,~,21
1924,2MASS J00420608+4102477,908.49,60,2008A&A...480..599S,S,,,18.8,,,~,21
1869,2MASS J00420711+4100165,1039.7,0,2009AJ....137...94C,B,,,17.8,,,~,21
1870,2MASS J00420711+4100165,1039.7,0,2010MNRAS.402..803P,B,,,17.8,,,~,21
1871,2MASS J00420711+4100165,1039.7,60,2008A&A...480..599S,S,,,17.8,,,~,21
1674,2MASS J00420788+4042348,2054.58,0,2009ApJ...703..441D,B,,15.51,15.15,,14.411,~,4
1675,2MASS J00420792+4049315,1648.22,0,2009ApJ...703..441D,B,,14.735,14.3,13.96,13.704,~,5
2585,2MASS J00420889+4055329,1297.86,0,2009ApJ...703..441D,B,,14.54,13.78,13.39,13.09,~,5
1903,2MASS J00420946+4048193,1714.18,0,2009ApJ...703..441D,B,,13.79,13.49,13.18,12.96,~,5
5536,2MASS J00420954+4047439,1748.41,25,2009AJ....137...94C,S,,,15.88,,,~,4
5537,2MASS J00420954+4047439,1748.41,100,2007AJ....134..706K,S,,,15.88,,,~,4
92,2MASS J00421215+4117588,379.41,60,2008A&A...480..599S,S,,19.09,17.69,16.74,15.8,~,39
93,2MASS J00421215+4117588,379.41,100,2009AJ....137...94C,B,,19.09,17.69,16.74,15.8,~,39
94,2MASS J00421215+4117588,379.41,100,2010MNRAS.402..803P,B,,19.09,17.69,16.74,15.8,~,39
95,2MASS J00421215+4117588,379.41,100,2016ApJ...824...42C,B,,19.09,17.69,16.74,15.8,~,39
1904,2MASS J00421250+4054375,1339.17,0,2009ApJ...703..441D,B,,14.67,14.32,14.06,13.85,~,4
1905,2MASS J00421517+4051369,1507.09,0,2009ApJ...703..441D,B,,14.011,13.44,13.01,12.77,~,5
1970,2MASS J00421583+4101142,949.41,100,2008A&A...480..599S,S,18.41,17.1,16.13,14.55,13.63,~,74
1971,2MASS J00421583+4101142,949.41,100,2009A&A...495..733S,B,18.41,17.1,16.13,14.55,13.63,~,74
1972,2MASS J00421583+4101142,949.41,100,2009AJ....137...94C,B,18.41,17.1,16.13,14.55,13.63,~,74
1973,2MASS J00421583+4101142,949.41,100,2010MNRAS.402..803P,B,18.41,17.1,16.13,14.55,13.63,~,74
1974,2MASS J00421583+4101142,949.41,100,2016ApJ...824...42C,B,18.41,17.1,16.13,14.55,13.63,~,74
2400,2MASS J00421604+4115532,319.04,75,2009ApJ...703..420M,S,20.456,19.952,18.21,17.327,16.47,K1I,7
1906,2MASS J00421683+4059247,1049.7,0,2009ApJ...703..441D,B,,13.76,13.16,12.78,12.55,~,5
1774,2MASS J00421769+4117377,313.2,0,2009ApJ...703..441D,B,,17.5,16.78,,,~,2
1775,2MASS J00421810+4114263,312.56,0,2009ApJ...703..441D,B,,18.73,17.58,,,~,2
2237,2MASS J00421865+4114021,315.54,100,2008A&A...480..599S,S,,15.92,15.09,,13.92,~,72
2238,2MASS J00421865+4114021,315.54,100,2009AJ....137...94C,B,,15.92,15.09,,13.92,~,72
2239,2MASS J00421865+4114021,315.54,100,2010MNRAS.402..803P,B,,15.92,15.09,,13.92,~,72
2240,2MASS J00421865+4114021,315.54,100,2016ApJ...824...42C,B,,15.92,15.09,,13.92,~,72
1907,2MASS J00421883+4023125,3188.19,0,2009ApJ...703..441D,B,,14.129,13.412,,12.406,~,3
1908,2MASS J00421954+4103203,816.6,0,2009ApJ...703..441D,B,,13.66,13.24,12.93,12.72,~,4
2331,2MASS J00421972+4121539,443.95,100,2008A&A...480..599S,S,,,,,,~,9
2244,2MASS J00422057+4126314,678.81,60,2008A&A...480..599S,S,,17.58,16.42,15.79,15.224,~,8
1777,2MASS J00422073+4117172,274.93,0,2009ApJ...703..441D,B,,17.31,16.54,,,~,2
4167,2MASS J00422185+4036167,2404.33,0,2009ApJ...703..441D,B,,18.21,16.87,14.7,,~,2
5844,2MASS J00422411+4137340,1306.45,25,2009AJ....137...94C,S,,,15.69,,,~,3
5845,2MASS J00422411+4137340,1306.45,75,2007AJ....134..706K,S,,,15.69,,,~,3
2571,2MASS J00422456+4038224,2276.11,0,2009ApJ...703..441D,B,,14.549,14.259,,13.57,~,3
2586,2MASS J00422471+4106182,629.43,0,2009ApJ...703..441D,B,,14.647,14.09,13.76,13.558,~,3
2459,2MASS J00422504+4057176,1150.74,100,2009A&A...495..733S,B,17.01,16.52,15.61,14.99,14.29,~,55
2460,2MASS J00422504+4057176,1150.74,100,2009AJ....137...94C,B,17.01,16.52,15.61,14.99,14.29,~,55
2461,2MASS J00422504+4057176,1150.74,100,2010MNRAS.402..803P,B,17.01,16.52,15.61,14.99,14.29,~,55
2462,2MASS J00422504+4057176,1150.74,100,2016ApJ...824...42C,B,17.01,16.52,15.61,14.99,14.29,~,55
2572,2MASS J00422559+4128244,766.52,0,2009ApJ...703..441D,B,,15.26,14.84,14.54,14.28,~,2
96,2MASS J00422608+4119147,278.18,100,2008A&A...480..599S,S,18.56,17.72,16.62,15.85,15.13,~,65
97,2MASS J00422608+4119147,278.18,100,2009AJ....137...94C,B,18.56,17.72,16.62,15.85,15.13,~,65
98,2MASS J00422608+4119147,278.18,100,2010MNRAS.402..803P,B,18.56,17.72,16.62,15.85,15.13,~,65
99,2MASS J00422608+4119147,278.18,100,2016ApJ...824...42C,B,18.56,17.72,16.62,15.85,15.13,~,65
400,2MASS J00422629+4119573,306.72,25,2009AJ....137...94C,S,,19.93,18.77,,,~,6
2573,2MASS J00422634+4021059,3307.89,0,2009ApJ...703..441D,B,,15.198,15.014,,14.377,~,2
434,2MASS J00422666+4113486,243,0,2009AJ....137...94C,B,,19.5,18.17,,,~,6
1913,2MASS J00422700+4113206,257.52,0,2009AJ....137...94C,B,17.21,17.24,16.81,16.35,16,~,15
1044,2MASS J00422739+4059358,1009.9,100,2009AJ....137...94C,B,17.5,17.19,16.25,15.69,15.08,~,41
1045,2MASS J00422739+4059358,1009.9,100,2010MNRAS.402..803P,B,17.5,17.19,16.25,15.69,15.08,~,41
1046,2MASS J00422739+4059358,1009.9,100,2016ApJ...824...42C,B,17.5,17.19,16.25,15.69,15.08,~,41
2348,2MASS J00423125+4119388,257.72,100,2008A&A...480..599S,S,17,16.96,15.79,15.29,14.66,~,68
2349,2MASS J00423125+4119388,257.72,100,2009AJ....137...94C,B,17,16.96,15.79,15.29,14.66,~,68
2350,2MASS J00423125+4119388,257.72,100,2010MNRAS.402..803P,B,17,16.96,15.79,15.29,14.66,~,68
2351,2MASS J00423125+4119388,257.72,100,2012ApJ...752...95J,B,17,16.96,15.79,15.29,14.66,~,68
2352,2MASS J00423125+4119388,257.72,100,2016ApJ...824...42C,B,17,16.96,15.79,15.29,14.66,~,68
362,2MASS J00423310+4103283,769.62,100,2008A&A...480..599S,S,16.38,16.08,15.17,14.62,14,~,68
363,2MASS J00423310+4103283,769.62,100,2009A&A...495..733S,B,16.38,16.08,15.17,14.62,14,~,68
364,2MASS J00423310+4103283,769.62,100,2009AJ....137...94C,B,16.38,16.08,15.17,14.62,14,~,68
365,2MASS J00423310+4103283,769.62,100,2010MNRAS.402..803P,B,16.38,16.08,15.17,14.62,14,~,68
366,2MASS J00423310+4103283,769.62,100,2016ApJ...824...42C,B,16.38,16.08,15.17,14.62,14,~,68
4236,2MASS J00423317+4100263,949.61,100,2011ApJ...734...12S,B,,,,,,~,22
9585,2MASS J00423325+4052334,1419.58,75,2009ApJ...703..420M,S,22.937,21.719,19.904,18.9,17.66,K5I,3
455,2MASS J00423347+4115502,123.66,0,2009AJ....137...94C,B,,14.4,,,,~,7
2402,2MASS J00423442+4118106,166.15,100,2008A&A...480..599S,S,,,,,,~,12
458,2MASS J00423454+4115084,125.07,0,2009AJ....137...94C,B,,17.63,16.82,,,~,18
459,2MASS J00423454+4115084,125.07,0,2009ApJ...703..441D,B,,17.63,16.82,,,~,18
2609,2MASS J00423462+4106254,592.08,0,2009ApJ...703..441D,B,,18.44,17.83,,,~,3
452,2MASS J00423699+4118286,163.74,0,2009AJ....137...94C,B,,18.87,17.87,17.54,17.17,~,8
1699,2MASS J00423812+4135222,1157.02,0,2009ApJ...703..441D,B,,15.038,14.579,14.267,14.028,~,3
1773,2MASS J00424054+4139476,1421,0,2009ApJ...703..441D,B,,17.27,16.73,,,~,2
125,2MASS J00424066+4110333,336.74,100,2007PASP..119....7K,S,,18.38,17.38,16.754,16.48,~,44
126,2MASS J00424066+4110333,336.74,100,2008A&A...480..599S,S,,18.38,17.38,16.754,16.48,~,44
127,2MASS J00424066+4110333,336.74,100,2009AJ....137...94C,B,,18.38,17.38,16.754,16.48,~,44
128,2MASS J00424066+4110333,336.74,100,2010MNRAS.402..803P,B,,18.38,17.38,16.754,16.48,~,44
129,2MASS J00424066+4110333,336.74,100,2016ApJ...824...42C,B,,18.38,17.38,16.754,16.48,~,44
1700,2MASS J00424103+4132550,1008.32,0,2009ApJ...703..441D,B,,14.95,14.562,14.249,13.999,~,3
2393,2MASS J00424144+4115236,54.59,100,2008A&A...480..599S,S,16.15,15.5,14.73,14.06,13.74,~,63
2394,2MASS J00424144+4115236,54.59,100,2009AJ....137...94C,B,16.15,15.5,14.73,14.06,13.74,~,63
2395,2MASS J00424144+4115236,54.59,100,2010MNRAS.402..803P,B,16.15,15.5,14.73,14.06,13.74,~,63
2396,2MASS J00424144+4115236,54.59,100,2012ApJ...752...95J,B,16.15,15.5,14.73,14.06,13.74,~,63
2397,2MASS J00424144+4115236,54.59,100,2016ApJ...824...42C,B,16.15,15.5,14.73,14.06,13.74,~,63
2563,2MASS J00424450+4103450,742.51,75,2009ApJ...703..420M,S,22.382,22.363,19.635,18.097,16.661,M2I,4
4170,2MASS J00424478+4047481,1699.31,0,2009ApJ...703..441D,B,,16.84,16.27,,,~,2
1914,2MASS J00424507+4119017,174.59,0,2009ApJ...703..441D,B,,16.48,15.6,,,~,2
2376,2MASS J00424512+4117521,104.98,0,2009AJ....137...94C,B,,,,,,~,7
2377,2MASS J00424512+4117521,104.98,50,2007AJ....134..706K,S,,,,,,~,7
2258,2MASS J00424519+4114266,101.28,100,2011ApJ...734...12S,B,,,,,,~,3
4172,2MASS J00424561+4102552,792.33,0,2009ApJ...703..441D,B,,16.38,15.63,,,~,2
1920,2MASS J00424684+4116146,29.2,60,2008A&A...480..599S,S,,,,,,~,10
1909,2MASS J00424831+4129335,807.44,0,2009ApJ...703..441D,B,,14.48,14.03,13.71,13.48,~,3
430,2MASS J00424870+4112101,242.39,0,2009AJ....137...94C,B,,,20.24,,,~,5
346,2MASS J00425140+4115408,84.14,100,2009AJ....137...94C,B,19.82,18.67,17.78,17.244,16.52,~,25
347,2MASS J00425140+4115408,84.14,100,2010MNRAS.402..803P,B,19.82,18.67,17.78,17.244,16.52,~,25
348,2MASS J00425140+4115408,84.14,100,2012ApJ...752...95J,B,19.82,18.67,17.78,17.244,16.52,~,25
349,2MASS J00425140+4115408,84.14,100,2016ApJ...824...42C,B,19.82,18.67,17.78,17.244,16.52,~,25
2406,2MASS J00425141+4126344,631.95,60,2008A&A...480..599S,S,,,,,,~,4
1865,2MASS J00425160+4123296,449.72,0,2009AJ....137...94C,B,17.03,18.16,17.79,,16.73,~,19
1866,2MASS J00425160+4123296,449.72,100,2010MNRAS.402..803P,B,17.03,18.16,17.79,,16.73,~,19
4250,2MASS J00425249+4142151,1570.28,75,2009ApJ...703..420M,S,,21.133,19.371,18.441,17.607,K2I,4
4256,2MASS J00425393+4132452,1003.53,0,2009ApJ...703..441D,B,,18.19,17.55,,,~,2
4262,2MASS J00425574+4123001,432.34,100,2009ApJ...703..420M,S,,21.734,19.814,18.56,17.073,K5I,4
9565,2MASS J00425597+4048570,1635.65,100,2009ApJ...703..420M,S,21.913,21.869,19.855,18.581,17.018,M2I,3
2574,2MASS J00425611+4045286,1843.65,0,2009ApJ...703..441D,B,,15.45,14.99,,14.269,~,3
4266,2MASS J00425615+4133411,1062.08,90,2003AJ....126..175B,S,,20.77,19.54,,16.58,~,2
1066,2MASS J00425640+4118221,191.54,0,2009AJ....137...94C,B,,19.01,17.62,,,~,9
2353,2MASS J00425965+4119192,258.06,100,2007PASP..119....7K,S,17.78,17.14,15.98,15.48,14.94,~,78
2354,2MASS J00425965+4119192,258.06,100,2008A&A...480..599S,S,17.78,17.14,15.98,15.48,14.94,~,78
2355,2MASS J00425965+4119192,258.06,100,2009AJ....137...94C,B,17.78,17.14,15.98,15.48,14.94,~,78
2356,2MASS J00425965+4119192,258.06,100,2010MNRAS.402..803P,B,17.78,17.14,15.98,15.48,14.94,~,78
2357,2MASS J00425965+4119192,258.06,100,2016ApJ...824...42C,B,17.78,17.14,15.98,15.48,14.94,~,78
2408,2MASS J00425986+4116055,175.14,100,2008A&A...480..599S,S,18.47,16.86,16.79,15.94,15.74,~,57
2409,2MASS J00425986+4116055,175.14,100,2009AJ....137...94C,B,18.47,16.86,16.79,15.94,15.74,~,57
2410,2MASS J00425986+4116055,175.14,100,2010MNRAS.402..803P,B,18.47,16.86,16.79,15.94,15.74,~,57
2411,2MASS J00425986+4116055,175.14,100,2012ApJ...752...95J,B,18.47,16.86,16.79,15.94,15.74,~,57
2412,2MASS J00425986+4116055,175.14,100,2016ApJ...824...42C,B,18.47,16.86,16.79,15.94,15.74,~,57
2588,2MASS J00430066+4103067,802.2,0,2009ApJ...703..441D,B,,14.057,13.759,13.504,13.31,~,6
1778,2MASS J00430078+4117466,210.13,0,2009ApJ...703..441D,B,,17.18,16.51,,,~,2
2575,2MASS J00430094+4049303,1608.14,0,2009ApJ...703..441D,B,,15.78,14.89,,13.823,~,3
307,2MASS J00430119+4116101,190.4,100,2009AJ....137...94C,B,19.12,,17.37,,16.13,~,19
308,2MASS J00430119+4116101,190.4,100,2010MNRAS.402..803P,B,19.12,,17.37,,16.13,~,19
309,2MASS J00430119+4116101,190.4,100,2012ApJ...752...95J,B,19.12,,17.37,,16.13,~,19
310,2MASS J00430119+4116101,190.4,100,2016ApJ...824...42C,B,19.12,,17.37,,16.13,~,19
2374,2MASS J00430144+4130171,871.27,100,2008A&A...480..599S,S,,,,,,~,12
2375,2MASS J00430144+4130171,871.27,100,2009A&A...495..733S,B,,,,,,~,12
1788,2MASS J00430179+4116064,196.94,100,2012ApJ...752...95J,B,20.18,20,,,16.8,~,3
1789,2MASS J00430179+4116064,196.94,100,2016ApJ...824...42C,B,20.18,20,,,16.8,~,3
4280,2MASS J00430267+4143037,1629.4,75,2009ApJ...703..420M,S,,21.123,18.925,17.849,16.751,M0I,4
2383,2MASS J00430292+4115225,214.4,100,2008A&A...480..599S,S,18.34,18.44,16.99,16.06,15.94,~,55
2384,2MASS J00430292+4115225,214.4,100,2009AJ....137...94C,B,18.34,18.44,16.99,16.06,15.94,~,55
2385,2MASS J00430292+4115225,214.4,100,2010MNRAS.402..803P,B,18.34,18.44,16.99,16.06,15.94,~,55
2386,2MASS J00430292+4115225,214.4,100,2012ApJ...752...95J,B,18.34,18.44,16.99,16.06,15.94,~,55
2387,2MASS J00430292+4115225,214.4,100,2016ApJ...824...42C,B,18.34,18.44,16.99,16.06,15.94,~,55
149,2MASS J00430330+4121215,379.9,0,2008A&A...480..599S,S,17.57,16.64,15.71,,14.73,~,67
150,2MASS J00430330+4121215,379.9,100,2009AJ....137...94C,B,17.57,16.64,15.71,,14.73,~,67
151,2MASS J00430330+4121215,379.9,100,2010MNRAS.402..803P,B,17.57,16.64,15.71,,14.73,~,67
152,2MASS J00430330+4121215,379.9,100,2016ApJ...824...42C,B,17.57,16.64,15.71,,14.73,~,67
2414,2MASS J00430386+4118047,249.44,100,2007PASP..119....7K,S,16.8,16.82,15.77,15.4,14.83,~,77
2415,2MASS J00430386+4118047,249.44,100,2008A&A...480..599S,S,16.8,16.82,15.77,15.4,14.83,~,77
2416,2MASS J00430386+4118047,249.44,100,2009AJ....137...94C,B,16.8,16.82,15.77,15.4,14.83,~,77
2417,2MASS J00430386+4118047,249.44,100,2010MNRAS.402..803P,B,16.8,16.82,15.77,15.4,14.83,~,77
2418,2MASS J00430386+4118047,249.44,100,2012ApJ...752...95J,B,16.8,16.82,15.77,15.4,14.83,~,77
2419,2MASS J00430386+4118047,249.44,100,2016ApJ...824...42C,B,16.8,16.82,15.77,15.4,14.83,~,77
1749,2MASS J00430576+4107423,560.03,75,2009ApJ...703..420M,S,21.842,21.217,18.901,17.624,,M0I,6
4288,2MASS J00430659+4138061,1342.26,75,2009ApJ...703..420M,S,,22.381,19.906,18.251,16.595,M1I,4
1783,2MASS J00430672+4115130,258.32,0,2009ApJ...703..441D,B,,17.14,16.19,,,~,2
153,2MASS J00430751+4120194,363.03,60,2008A&A...480..599S,S,18.31,17.9,16.62,16.3,15.57,~,42
154,2MASS J00430751+4120194,363.03,100,2009AJ....137...94C,B,18.31,17.9,16.62,16.3,15.57,~,42
155,2MASS J00430751+4120194,363.03,100,2010MNRAS.402..803P,B,18.31,17.9,16.62,16.3,15.57,~,42
156,2MASS J00430751+4120194,363.03,100,2016ApJ...824...42C,B,18.31,17.9,16.62,16.3,15.57,~,42
1701,2MASS J00430762+4138264,1364.42,0,2009ApJ...703..441D,B,,14.901,14.46,14.146,13.903,~,3
1678,2MASS J00430889+4105380,687.84,0,2009ApJ...703..441D,B,,14.14,13.79,13.47,13.264,~,5
2497,2MASS J00430986+4119006,335.75,0,2009ApJ...703..441D,B,19.64,19.13,18.1,17.07,16.48,~,32
2498,2MASS J00430986+4119006,335.75,60,2008A&A...480..599S,S,19.64,19.13,18.1,17.07,16.48,~,32
2499,2MASS J00430986+4119006,335.75,100,2007AJ....134..706K,S,19.64,19.13,18.1,17.07,16.48,~,32
2500,2MASS J00430986+4119006,335.75,100,2010MNRAS.402..803P,B,19.64,19.13,18.1,17.07,16.48,~,32
2501,2MASS J00430986+4119006,335.75,100,2016ApJ...824...42C,B,19.64,19.13,18.1,17.07,16.48,~,32
1785,2MASS J00431086+4116418,301.09,0,2009ApJ...703..441D,B,,16.03,15.41,,,~,2
5380,2MASS J00431130+4144239,1723.47,75,2003AJ....126..175B,S,,17.38,17.05,,16.5,~,1
4296,2MASS J00431239+4137470,1337.39,75,2003AJ....126..175B,S,21.081,21.33,19.358,17.81,16.103,M2I,5
4297,2MASS J00431239+4137470,1337.39,75,2009ApJ...703..420M,S,21.081,21.33,19.358,17.81,16.103,M2I,5
5381,2MASS J00431344+4150445,2102.67,75,2003AJ....126..175B,S,21.892,20.905,18.938,17.973,16.995,M0I,4
5382,2MASS J00431344+4150445,2102.67,100,2009ApJ...703..420M,S,21.892,20.905,18.938,17.973,16.995,M0I,4
1702,2MASS J00431461+4134096,1134.53,0,2009ApJ...703..441D,B,,14.752,14.365,14.08,13.858,~,3
794,2MASS J00431464+4125133,643.89,100,2008A&A...480..599S,S,19.31,18.08,17.35,16.53,16.12,~,36
795,2MASS J00431464+4125133,643.89,100,2009AJ....137...94C,B,19.31,18.08,17.35,16.53,16.12,~,36
796,2MASS J00431464+4125133,643.89,100,2010MNRAS.402..803P,B,19.31,18.08,17.35,16.53,16.12,~,36
797,2MASS J00431464+4125133,643.89,100,2016ApJ...824...42C,B,19.31,18.08,17.35,16.53,16.12,~,36
3007,2MASS J00431488+4158429,2578.23,0,2009AJ....137...94C,B,,19.47,17.89,17.06,,~,5
1679,2MASS J00431521+4104153,793.01,0,2009ApJ...703..441D,B,,14.657,14.15,13.758,13.503,~,4
168,2MASS J00431541+4111251,450.29,100,2008A&A...480..599S,S,17.27,17.14,16.3,15.82,15.32,~,53
169,2MASS J00431541+4111251,450.29,100,2009AJ....137...94C,B,17.27,17.14,16.3,15.82,15.32,~,53
170,2MASS J00431541+4111251,450.29,100,2010MNRAS.402..803P,B,17.27,17.14,16.3,15.82,15.32,~,53
171,2MASS J00431541+4111251,450.29,100,2012ApJ...752...95J,B,17.27,17.14,16.3,15.82,15.32,~,53
172,2MASS J00431541+4111251,450.29,100,2016ApJ...824...42C,B,17.27,17.14,16.3,15.82,15.32,~,53
6329,2MASS J00431591+4130329,935.62,50,2007AJ....134..706K,S,21.2,20.28,18.75,17.86,17.21,~,6
6330,2MASS J00431591+4130329,935.62,100,2016ApJ...824...42C,B,21.2,20.28,18.75,17.86,17.21,~,6
4304,2MASS J00431895+4141591,1599.63,0,2009ApJ...703..441D,B,,18.34,17.64,,,~,2
6331,2MASS J00432141+4023562,3159.52,0,2010MNRAS.402..803P,B,,,,,,~,3
6332,2MASS J00432141+4023562,3159.52,50,2007AJ....134..706K,S,,,,,,~,3
2425,2MASS J00432235+4110283,547.08,75,2009ApJ...703..420M,S,21.949,21.153,19.222,18.323,17.33,~,3
2427,2MASS J00432517+4106058,757.92,75,2009ApJ...703..420M,S,22.338,21.989,19.979,18.576,16.842,M1I,4
4312,2MASS J00432641+4138168,1411.08,75,2003AJ....126..175B,S,21.405,21.169,18.978,17.944,16.886,M1I,5
4313,2MASS J00432641+4138168,1411.08,75,2009ApJ...703..420M,S,21.405,21.169,18.978,17.944,16.886,M1I,5
2429,2MASS J00432869+4108164,687.52,75,2009ApJ...703..420M,S,,21.75,19.812,18.754,17.434,M2I,4
805,2MASS J00433010+4114369,524.13,0,2009AJ....137...94C,B,17.96,17.6,16.74,,,~,12
3042,2MASS J00433257+4141434,1628.91,0,2009ApJ...703..441D,B,,14.409,13.737,13.467,13.21,~,3
2617,2MASS J00433260+4109092,686.81,60,2008A&A...480..599S,S,,11.58,10.8,,,K0,5
5581,2MASS J00433418+4143383,1743.3,100,2007AJ....134..706K,S,19.84,19.42,18.65,18.2,17.78,~,4
1300,2MASS J00433667+4108121,758.18,100,2008A&A...480..599S,S,16.76,16.36,15.42,14.82,14.27,~,60
1301,2MASS J00433667+4108121,758.18,100,2009AJ....137...94C,B,16.76,16.36,15.42,14.82,14.27,~,60
1302,2MASS J00433667+4108121,758.18,100,2010MNRAS.402..803P,B,16.76,16.36,15.42,14.82,14.27,~,60
1303,2MASS J00433667+4108121,758.18,100,2016ApJ...824...42C,B,16.76,16.36,15.42,14.82,14.27,~,60
1391,2MASS J00433768+4110407,684.69,90,2004yCat.2250....0S,S,,,16.3,,,~,4
9551,2MASS J00433797+4145405,1872.59,75,2009ApJ...703..420M,S,,21.811,19.98,18.901,18.395,K1I,3
3043,2MASS J00434022+4144431,1826.94,0,2009ApJ...703..441D,B,,15.252,14.76,14.578,14.362,~,3
9241,2MASS J00434118+4200578,2764.7,0,2009ApJ...703..441D,B,,17.63,16.33,,,~,2
1859,2MASS J00434183+4111120,713.03,100,2006AJ....131.2478M,B,17.242,18.002,17.547,17.14,16.853,cLBV,10
1860,2MASS J00434183+4111120,713.03,100,2014ApJ...790...48H,B,17.242,18.002,17.547,17.14,16.853,cLBV,10
2168,2MASS J00434275+4114425,664.2,100,2009ApJ...703..420M,S,,22.373,19.935,18.501,16.933,M1I,5
2432,2MASS J00434619+4115149,699.39,75,2009ApJ...703..420M,S,23.277,21.471,19.066,17.722,16.329,K5-M0I,4
9566,2MASS J00434709+4115101,710.04,75,2009ApJ...703..420M,S,,22.009,19.956,18.849,17.692,K5I,3
2433,2MASS J00434732+4112036,751.18,75,2009ApJ...703..420M,S,,22.119,19.519,18.029,16.348,~,3
2434,2MASS J00434756+4110284,789.76,75,2009ApJ...703..420M,S,,21.901,19.739,18.474,16.899,M1I,4
4335,2MASS J00434803+4131178,1158.71,75,2003AJ....126..175B,S,,22.86,22.15,,,~,2
835,2MASS J00434857+4042368,2138.12,100,2009AJ....137...94C,B,18.35,18.047,17.401,16.747,16.1,~,31
836,2MASS J00434857+4042368,2138.12,100,2010MNRAS.402..803P,B,18.35,18.047,17.401,16.747,16.1,~,31
837,2MASS J00434857+4042368,2138.12,100,2016ApJ...824...42C,B,18.35,18.047,17.401,16.747,16.1,~,31
2435,2MASS J00435235+4110166,843.83,75,2009ApJ...703..420M,S,22.967,21.572,19.653,18.609,17.359,K5I,4
4351,2MASS J00435393+4152017,2291.65,75,2009ApJ...703..420M,S,,21.447,19.367,18.327,17.287,M0I,4
2437,2MASS J00435450+4111082,846.33,100,2009ApJ...703..420M,S,,22.09,19.913,18.561,16.918,M3I,4
5919,2MASS J00435510+4129078,1115.13,75,2007AJ....134..706K,S,,,,,,~,2
4354,2MASS J00435619+4137171,1505.28,100,2009ApJ...703..420M,S,21.3,21.303,19.418,18.346,17.197,M2I,4
1872,2MASS J00435642+4122027,886.55,90,2009ApJ...703..441D,S,16.98,16.67,15.68,15.17,14.62,~,50
1873,2MASS J00435642+4122027,886.55,100,2008A&A...480..599S,S,16.98,16.67,15.68,15.17,14.62,~,50
1874,2MASS J00435642+4122027,886.55,100,2009A&A...495..733S,B,16.98,16.67,15.68,15.17,14.62,~,50
1875,2MASS J00435642+4122027,886.55,100,2009AJ....137...94C,B,16.98,16.67,15.68,15.17,14.62,~,50
1876,2MASS J00435642+4122027,886.55,100,2010MNRAS.402..803P,B,16.98,16.67,15.68,15.17,14.62,~,50
1877,2MASS J00435642+4122027,886.55,100,2016ApJ...824...42C,B,16.98,16.67,15.68,15.17,14.62,~,50
4361,2MASS J00435839+4121583,905.1,0,2009ApJ...703..441D,B,,19.29,18.43,,,~,2
9567,2MASS J00435962+4126191,1045.52,75,2009ApJ...703..420M,S,22.226,21.232,19.378,18.338,17.126,K4-K5I,3
4374,2MASS J00440280+4149217,2180.34,100,2009ApJ...703..420M,S,21.099,21.635,19.836,18.859,17.886,K5I,4
5384,2MASS J00440351+4142078,1796.15,75,2003AJ....126..175B,S,,20.38,,,,~,1
9568,2MASS J00440574+4115518,918.04,100,2009ApJ...703..420M,S,22.329,21.652,19.699,18.546,17.359,~,2
2167,2MASS J00440660+4115363,928.13,75,2009ApJ...703..420M,S,,22.413,19.909,18.402,16.812,~,3
5929,2MASS J00440790+4147023,2078.74,75,2007AJ....134..706K,S,17.87,,,,17.48,~,4
9570,2MASS J00441264+4139476,1732.74,75,2009ApJ...703..420M,S,,21.818,19.856,18.671,17.373,M2I,3
4402,2MASS J00441451+4154454,2529.23,75,2009ApJ...703..420M,S,,21.701,19.786,18.663,17.462,M1I,4
1985,2MASS J00441542+4134089,1489.87,75,2003AJ....126..175B,S,21.649,21.535,19.54,18.526,17.612,K2I,6
1986,2MASS J00441542+4134089,1489.87,100,2006AJ....131.2478M,B,21.649,21.535,19.54,18.526,17.612,K2I,6
1987,2MASS J00441542+4134089,1489.87,100,2009ApJ...703..420M,S,21.649,21.535,19.54,18.526,17.612,K2I,6
2590,2MASS J00441622+4116451,1036.62,0,2009ApJ...703..441D,B,,14.43,13.91,13.565,13.34,~,4
6362,2MASS J00441740+4149173,2247.49,25,2009AJ....137...94C,S,,,18.65,,,~,3
6363,2MASS J00441740+4149173,2247.49,50,2007AJ....134..706K,S,,,18.65,,,~,3
4417,2MASS J00442049+4146503,2135.98,75,2003AJ....126..175B,S,,21.723,19.766,18.68,17.516,M1I,5
4418,2MASS J00442049+4146503,2135.98,100,2009ApJ...703..420M,S,,21.723,19.766,18.68,17.516,M1I,5
5276,2MASS J00442053+4149559,2297.71,10,2003AJ....126..175B,S,,16.97,16.67,,16.38,~,1
1931,2MASS J00442237+4138505,1753.1,90,2003AJ....126..175B,S,,18.68,17.8,,16.62,~,5
9571,2MASS J00442316+4121079,1153.33,100,2009ApJ...703..420M,S,,21.703,19.756,18.607,17.526,K1I,3
4426,2MASS J00442350+4150263,2340.52,90,2003AJ....126..175B,S,,22.37,21.17,,19.739,~,3
4427,2MASS J00442350+4150263,2340.52,100,2015MNRAS.451..724W,B,,22.37,21.17,,19.739,~,3
2123,2MASS J00442363+4122169,1178.15,100,2009ApJ...703..420M,S,,21.947,19.629,18.407,17.078,K5I,4
2121,2MASS J00442481+4123278,1214.55,75,2009ApJ...703..420M,S,21.484,20.65,18.801,17.738,16.676,~,4
2124,2MASS J00442495+4123222,1213.84,100,2009ApJ...703..420M,S,,22.092,19.98,18.482,16.724,M3I,4
1992,2MASS J00442521+4132110,1488.83,100,2009ApJ...703..420M,S,,21.967,19.978,18.705,17.297,M1I,4
4433,2MASS J00442526+4155163,2607.52,100,2009ApJ...703..420M,S,,21.688,19.626,18.505,17.288,~,3
1960,2MASS J00442575+4136594,1693.53,100,2009ApJ...703..420M,S,21.478,21.451,19.4,18.398,17.363,K2I,4
4446,2MASS J00442845+4151306,2423.57,75,2003AJ....126..175B,S,,20.696,18.272,16.899,15.466,M1I,5
4447,2MASS J00442845+4151306,2423.57,75,2009ApJ...703..420M,S,,20.696,18.272,16.899,15.466,M1I,5
2122,2MASS J00443046+4124356,1298.81,100,2009ApJ...703..420M,S,22.058,21.629,19.538,18.16,16.546,~,4
4597,2MASS J00443054+4152055,2465.28,90,2003AJ....126..175B,S,,20.17,20.73,,18.76,~,2
4232,2MASS J00443164+4156289,2704.13,75,2009ApJ...703..420M,S,22.247,21.09,,17.695,,~,4
9572,2MASS J00443226+4151581,2468.32,75,2009ApJ...703..420M,S,,22.05,19.983,18.583,16.984,M1I,3
5385,2MASS J00443372+4152241,2499.12,75,2003AJ....126..175B,S,19.156,18.375,17.277,16.715,16.125,KI:,4
5386,2MASS J00443372+4152241,2499.12,100,2006AJ....131.2478M,B,19.156,18.375,17.277,16.715,16.125,KI:,4
1708,2MASS J00443421+4121167,1276.11,0,2009ApJ...703..441D,B,,15.34,14.225,13.609,13.2,~,3
6381,2MASS J00443754+4208497,3406.92,50,2007AJ....134..706K,S,,,,,,~,2
5387,2MASS J00443857+4143355,2088.87,75,2003AJ....126..175B,S,,,20.61,,18.58,~,1
1709,2MASS J00443971+4126164,1434.94,0,2009ApJ...703..441D,B,,14.57,14.27,13.85,,~,3
5389,2MASS J00444222+4151227,2495.12,75,2003AJ....126..175B,S,,21.105,19.18,18.212,17.235,~,3
5390,2MASS J00444222+4151227,2495.12,100,2009ApJ...703..420M,S,,21.105,19.18,18.212,17.235,~,3
9573,2MASS J00444253+4126286,1468.76,75,2009ApJ...703..420M,S,,21.427,19.524,18.48,17.341,M0I,3
5964,2MASS J00444289+4125058,1439.72,25,2009AJ....137...94C,S,,,,,,~,3
5965,2MASS J00444289+4125058,1439.72,75,2007AJ....134..706K,S,,,,,,~,3
4474,2MASS J00444289+4133261,1690.26,25,2009AJ....137...94C,S,18.37,,17.78,,16.97,~,8
4475,2MASS J00444289+4133261,1690.26,75,2007AJ....134..706K,S,18.37,,17.78,,16.97,~,8
4476,2MASS J00444289+4133261,1690.26,75,2010MNRAS.402..803P,S,18.37,,17.78,,16.97,~,8
4484,2MASS J00444706+4128014,1555.3,100,2009ApJ...703..420M,S,,21.887,19.34,17.94,,M2.5I,3
3012,2MASS J00444738+4151569,2555,0,2009AJ....137...94C,B,,17.28,16.55,,,~,5
1961,2MASS J00444773+4130498,1645.33,75,2009ApJ...703..420M,S,,22.091,19.769,18.251,16.591,M3I,6
4487,2MASS J00444923+4139340,1987.43,75,2003AJ....126..175B,S,,23.11,21.11,,,~,2
4491,2MASS J00444979+4152103,2580.78,75,2003AJ....126..175B,S,,18.21,17.67,,17.06,~,2
9574,2MASS J00445296+4154076,2698.51,75,2009ApJ...703..420M,S,,21.777,19.663,18.384,17.203,K2I,3
2591,2MASS J00445430+4132529,1774.63,0,2009ApJ...703..441D,B,,13.18,12.954,12.724,12.546,~,4
4505,2MASS J00445449+4130074,1688.62,75,2009ApJ...703..420M,S,,21.827,19.668,18.296,16.821,M1I,4
4509,2MASS J00445787+4154046,2725.79,75,2009ApJ...703..420M,S,,21.685,19.574,18.372,17.053,M1I,4
4510,2MASS J00445805+4130539,1746.46,75,2009ApJ...703..420M,S,22.162,22.078,19.364,18.087,16.704,M1I,4
4517,2MASS J00450251+4129265,1748.49,100,2009ApJ...703..420M,S,,20.668,18.566,17.506,16.533,K2I,4
2892,2MASS J00450380+4137366,2030.11,100,2006AJ....131.2478M,B,21.442,21.449,19.885,18.494,16.762,~,3
5996,2MASS J00450588+4041077,2641.48,0,2010MNRAS.402..803P,B,,,,,,~,2
5997,2MASS J00450588+4041077,2641.48,75,2007AJ....134..706K,S,,,,,,~,2
4525,2MASS J00450786+4131088,1849.62,75,2009ApJ...703..420M,S,,21.335,19.142,18.012,16.757,M3I,4
4526,2MASS J00450788+4134271,1953.65,100,2009ApJ...703..420M,S,,21.955,19.999,18.726,17.312,~,3
3397,2MASS J00450929+4202393,3230.06,0,2009AJ....137...94C,B,19.39,19.3,17.25,16.18,14.743,~,12
2891,2MASS J00450932+4136328,2039.62,100,2006AJ....131.2478M,B,,21.126,19.429,18.318,17.028,~,3
2809,2MASS J00450959+4127292,1771.78,0,2009ApJ...703..441D,B,,15.41,14.73,,,~,3
9575,2MASS J00450975+4146509,2462.8,75,2009ApJ...703..420M,S,,21.579,19.433,18.36,17.305,M1I,3
3296,2MASS J00450988+4138436,2125.25,100,2006AJ....131.2478M,B,,21.334,19.139,18.002,16.733,M1I,6
3297,2MASS J00450988+4138436,2125.25,100,2009ApJ...703..420M,S,,21.334,19.139,18.002,16.733,M1I,6
2824,2MASS J00451146+4131547,1907.42,0,2009ApJ...703..441D,B,,14.44,13.474,12.91,12.53,~,4
2889,2MASS J00451278+4135598,2051.54,75,2009ApJ...703..420M,S,,21.856,19.77,18.537,17.224,K1I,4
2836,2MASS J00451490+4137348,2126.9,75,2009ApJ...703..420M,S,,21.816,19.545,17.765,16.06,M1I,6
4537,2MASS J00451493+4146256,2483.05,100,2009ApJ...703..420M,S,,21.631,19.689,18.552,17.376,M2I,4
6408,2MASS J00451536+4147403,2541.48,50,2007AJ....134..706K,S,,,,,,~,2
4548,2MASS J00452065+4147171,2564.62,75,2009ApJ...703..420M,S,,20.813,18.136,16.583,15.272,M1I,4
9576,2MASS J00452244+4145127,2489.96,75,2009ApJ...703..420M,S,,21.559,19.558,18.269,16.859,~,2
6415,2MASS J00452263+4219186,4184.1,50,2007AJ....134..706K,S,,,,,,~,2
2918,2MASS J00452687+4126135,1928.42,0,2016ApJ...825...50G,B,,19.2,18.45,,,G5V,3
2919,2MASS J00452687+4126135,1928.42,75,2009ApJ...703..441D,S,,19.2,18.45,,,G5V,3
4565,2MASS J00452729+4132544,2091.64,50,2007AJ....134..706K,S,,,,,17.68,~,8
4566,2MASS J00452729+4132544,2091.64,75,2010MNRAS.402..803P,S,,,,,17.68,~,8
3464,2MASS J00452886+4138275,2284.22,100,2006AJ....131.2478M,B,,22.015,20.161,18.906,17.427,~,2
2652,2MASS J00452904+4120379,1875.61,0,2009AJ....137...94C,B,,,18.5,,,~,9
2653,2MASS J00452904+4120379,1875.61,0,2010MNRAS.402..803P,B,,,18.5,,,~,9
4573,2MASS J00453111+4148254,2694.95,75,2009ApJ...703..420M,S,,22.318,19.915,18.187,16.486,M1I,4
4576,2MASS J00453140+4134002,2164.11,100,2009ApJ...703..420M,S,,21.719,19.673,18.644,17.497,M1I,4
4577,2MASS J00453157+4138000,2293.11,75,2009ApJ...703..420M,S,,21.449,19.216,18.02,16.761,M1I,4
6426,2MASS J00453174+4128309,2025.84,50,2007AJ....134..706K,S,,,,,,~,3
2813,2MASS J00453355+4132320,2143.51,0,2009ApJ...703..441D,B,,15.37,14.559,14.044,13.671,~,3
3294,2MASS J00453481+4138434,2347.59,0,2009ApJ...703..441D,B,,13.94,13.47,13.24,13.01,~,4
6012,2MASS J00453695+4144183,2572.76,25,2009AJ....137...94C,S,,,16.7,,,~,3
6013,2MASS J00453695+4144183,2572.76,75,2007AJ....134..706K,S,,,16.7,,,~,3
5650,2MASS J00454082+4039514,2954.87,100,2007AJ....134..706K,S,19.79,19.26,18.42,17.92,17.47,~,3
4591,2MASS J00454215+4153475,3014.74,75,2009ApJ...703..420M,S,22.057,20.256,18.412,17.456,16.575,K1I,4
2814,2MASS J00454714+4134521,2343.62,0,2009ApJ...703..441D,B,,15.28,14.61,,,~,3
6524,2MASS J00454977+4131200,2277.54,0,2009ApJ...703..441D,B,,16.44,15.77,,,~,2
3246,2MASS J00460432+4144492,2830.41,75,2009ApJ...703..420M,S,,21.691,19.707,18.34,16.84,M2I,4
2623,2MASS J00460641+4120503,2294.06,0,2009AJ....137...94C,B,,16.61,15.72,,,~,6
3258,2MASS J00461119+4142132,2802.7,0,2009ApJ...703..441D,B,,14.53,14.055,13.732,13.511,~,3
3245,2MASS J00462090+4155455,3399.64,75,2009ApJ...703..420M,S,,21.691,19.761,18.645,17.32,M1I,4
2708,2MASS J00462418+4030110,3716.75,0,2009AJ....137...94C,B,,17.82,16.72,,,~,11
3467,2MASS J00462582+4210115,4083.03,100,2006AJ....131.2478M,B,22.717,20.962,19.075,18.206,17.353,K4I,5
3468,2MASS J00462582+4210115,4083.03,100,2009ApJ...703..420M,S,22.717,20.962,19.075,18.206,17.353,K4I,5
3469,2MASS J00462751+4209507,4078.41,100,2006AJ....131.2478M,B,,21.355,19.522,18.581,17.624,K2I,5
3470,2MASS J00462751+4209507,4078.41,100,2009ApJ...703..420M,S,,21.355,19.522,18.581,17.624,K2I,5
3466,2MASS J00463147+4211329,4186.14,75,2009ApJ...703..420M,S,,22.188,19.95,18.453,16.744,~,3
3471,2MASS J00463399+4211094,4184.71,75,2009ApJ...703..420M,S,,21.612,19.593,18.583,17.45,M1I,4
3474,2MASS J00463494+4209535,4132.39,75,2009ApJ...703..420M,S,22.699,21.853,19.947,19.017,18.019,~,3
3465,2MASS J00463562+4213555,4327.42,75,2009ApJ...703..420M,S,23.602,21.88,19.989,19.105,18.207,~,3
3461,2MASS J00463658+4212531,4284.4,75,2009ApJ...703..420M,S,22.49,21.522,19.835,18.923,17.997,~,3
3421,2MASS J00463817+4200087,3721.38,75,2009ApJ...703..420M,S,,21.884,19.656,18.213,16.634,M2I,4
3476,2MASS J00463997+4211545,4261.48,100,2006AJ....131.2478M,B,22.854,21.752,19.574,18.515,17.45,K5-M0I,5
3477,2MASS J00463997+4211545,4261.48,100,2009ApJ...703..420M,S,22.854,21.752,19.574,18.515,17.45,K5-M0I,5
3460,2MASS J00464010+4213258,4334.19,75,2009ApJ...703..420M,S,,21.635,19.703,18.665,17.514,~,3
6053,2MASS J00470036+4045279,3432.23,0,2010MNRAS.402..803P,B,,,,,,~,2
6054,2MASS J00470036+4045279,3432.23,75,2007AJ....134..706K,S,,,,,,~,2
3206,2MASS J00470094+4154445,3695.5,100,2009AJ....137...94C,B,18.04,17.45,16.8,16.33,16.09,~,18
3207,2MASS J00470094+4154445,3695.5,100,2010MNRAS.402..803P,B,18.04,17.45,16.8,16.33,16.09,~,18
3457,2MASS J00480687+4159346,4457.96,0,2009ApJ...703..441D,B,,13.65,13.234,,12.578,~,2
6081,2MASS J00483067+4155293,4546.63,75,2007AJ....134..706K,S,,,,,,~,2
6086,2MASS J00483670+4139084,4194.8,75,2007AJ....134..706K,S,,,,,,~,2
2854,2MASS J00493841+4045003,5045.01,0,2010MNRAS.402..803P,B,19.71,18.72,18.08,17.29,16.14,~,7
6515,2MASS J00510870+4211274,6549.66,50,2007AJ....134..706K,S,,,,,,~,2
373,2MASSI J0042094+411745,404.67,60,2008A&A...480..599S,S,,,17,,,~,23
374,2MASSI J0042094+411745,404.67,100,2009AJ....137...94C,B,,,17,,,~,23
375,2MASSI J0042094+411745,404.67,100,2010MNRAS.402..803P,B,,,17,,,~,23
376,2MASSI J0042094+411745,404.67,100,2016ApJ...824...42C,B,,,17,,,~,23
2463,2MASSI J0043372+411443,603.06,100,2008A&A...480..599S,S,16.91,16.48,15.58,14.98,14.47,~,69
2464,2MASSI J0043372+411443,603.06,100,2009AJ....137...94C,B,16.91,16.48,15.58,14.98,14.47,~,69
2465,2MASSI J0043372+411443,603.06,100,2010MNRAS.402..803P,B,16.91,16.48,15.58,14.98,14.47,~,69
2466,2MASSI J0043372+411443,603.06,100,2016ApJ...824...42C,B,16.91,16.48,15.58,14.98,14.47,~,69
4148,2MASX J00302731+4136193,8375.57,100,2010MNRAS.402..803P,B,,,16.31,,15.36,~,21
4149,2MASX J00302731+4136193,8375.57,100,2016ApJ...824...42C,B,,,16.31,,15.36,~,21
18,2MASX J00342097+4128176,5712.89,100,2009AJ....137...94C,B,18.46,18.043,17.137,16.571,15.72,~,21
19,2MASX J00342097+4128176,5712.89,100,2010MNRAS.402..803P,B,18.46,18.043,17.137,16.571,15.72,~,21
37,2MASX J00345529+4132263,5367.17,100,2009AJ....137...94C,B,18.93,18.43,17.36,16.74,15.86,~,8
3059,2MASX J00350474+4235316,6999.73,0,2009AJ....137...94C,B,,17.53,16.72,,,~,13
38,2MASX J00351301+4129073,5139.22,75,2010MNRAS.402..803P,S,19.5,19.16,18.12,17.41,16.43,~,8
39,2MASX J00351301+4129073,5139.22,100,2009AJ....137...94C,B,19.5,19.16,18.12,17.41,16.43,~,8
3057,2MASX J00351372+4235180,6917.97,0,2009AJ....137...94C,B,,17.4,16.32,,,~,16
16,2MASX J00355245+3957085,6667.57,0,2009AJ....137...94C,B,,17.36,16.6,,,~,11
33,2MASX J00362166+4128333,4371.54,0,2010MNRAS.402..803P,B,18.7,17.92,16.87,16.14,,~,9
34,2MASX J00362166+4128333,4371.54,100,2009AJ....137...94C,B,18.7,17.92,16.87,16.14,,~,9
1143,2MASX J00363072+4121533,4223.19,0,2010MNRAS.402..803P,B,18.74,18.87,17.67,17.04,,~,8
1144,2MASX J00363072+4121533,4223.19,100,2009AJ....137...94C,B,18.74,18.87,17.67,17.04,,~,8
1145,2MASX J00363100+4128383,4268.89,0,2010MNRAS.402..803P,B,18.89,18.73,17.43,16.69,,~,7
1146,2MASX J00363100+4128383,4268.89,100,2009AJ....137...94C,B,18.89,18.73,17.43,16.69,,~,7
1118,2MASX J00363299+4024533,5216.15,0,2007AJ....134..706K,S,,17.83,16.93,,,~,12
1119,2MASX J00363299+4024533,5216.15,0,2009AJ....137...94C,B,,17.83,16.93,,,~,12
1123,2MASX J00364692+4030474,4881.43,0,2009AJ....137...94C,B,,19.08,17.42,,,~,10
492,2MASX J00365019+4107104,4033.11,100,2009AJ....137...94C,B,16.94,16.94,16.31,16.42,,~,10
1311,2MASX J00365143+3938374,7101.55,0,2009AJ....137...94C,B,,18.25,17.3,,,~,11
530,2MASX J00365599+4008523,5653.94,0,2009AJ....137...94C,B,18.22,19.11,17.77,16.86,,~,9
531,2MASX J00365599+4008523,5653.94,0,2010MNRAS.402..803P,B,18.22,19.11,17.77,16.86,,~,9
1206,2MASX J00370142+3948353,6547.26,0,2009AJ....137...94C,B,19.7,19.24,17.9,17.16,15.93,~,8
1207,2MASX J00370142+3948353,6547.26,0,2010MNRAS.402..803P,B,19.7,19.24,17.9,17.16,15.93,~,8
532,2MASX J00370229+3948053,6565.82,0,2009AJ....137...94C,B,,,18.01,,,~,6
2981,2MASX J00370552+4202348,4710.21,0,2009AJ....137...94C,B,,18.68,17.93,,16.12,~,7
3103,2MASX J00372064+4218489,5220.65,0,2009AJ....137...94C,B,19.3,18.65,17.87,19.36,,~,5
533,2MASX J00372579+4004539,5602.59,0,2009AJ....137...94C,B,,20.39,17.83,,,~,7
1211,2MASX J00372841+4135439,3742.32,0,2010MNRAS.402..803P,B,19.68,18.96,17.85,17.12,16.13,~,8
1212,2MASX J00372841+4135439,3742.32,100,2009AJ....137...94C,B,19.68,18.96,17.85,17.12,16.13,~,8
1152,2MASX J00373529+4057519,3660.08,0,2010MNRAS.402..803P,B,19.37,19.06,17.83,17.24,,~,8
1153,2MASX J00373529+4057519,3660.08,100,2009AJ....137...94C,B,19.37,19.06,17.83,17.24,,~,8
1154,2MASX J00373674+3950109,6234.98,0,2009AJ....137...94C,B,16.85,16.83,16.5,16.27,,~,5
1307,2MASX J00373951+3946309,6401.73,0,2009AJ....137...94C,B,,,,,,~,7
536,2MASX J00374612+4005123,5441.93,0,2009AJ....137...94C,B,,,17.84,,,~,7
537,2MASX J00375061+4010394,5155.27,0,2009AJ....137...94C,B,,,17.58,,,~,7
538,2MASX J00375131+4010064,5175.23,0,2009AJ....137...94C,B,,,18.19,,,~,7
539,2MASX J00375131+4010064,5175.23,0,2010MNRAS.402..803P,B,,,18.19,,,~,7
1159,2MASX J00380439+4055316,3397.09,0,2010MNRAS.402..803P,B,18.92,18.68,17.62,17.34,,~,9
1160,2MASX J00380439+4055316,3397.09,100,2009AJ....137...94C,B,18.92,18.68,17.62,17.34,,~,9
1075,2MASX J00381864+3939587,6516.86,0,2009AJ....137...94C,B,,18.61,17.15,,,~,11
1563,2MASX J00382272+3958097,5545.49,0,2009AJ....137...94C,B,19.41,18.98,17.99,17.14,16.28,~,10
1162,2MASX J00382549+3952068,5840.27,0,2009AJ....137...94C,B,19.26,18.6,17.52,17.02,,~,6
1163,2MASX J00382549+3952068,5840.27,0,2010MNRAS.402..803P,B,19.26,18.6,17.52,17.02,,~,6
1215,2MASX J00383621+4045019,3371.37,0,2009AJ....137...94C,B,19.07,18.89,17.92,17.09,16.33,~,7
1216,2MASX J00383621+4045019,3371.37,0,2010MNRAS.402..803P,B,19.07,18.89,17.92,17.09,16.33,~,7
1170,2MASX J00384842+4004320,5064.64,0,2009AJ....137...94C,B,19.47,18.9,17.98,17.39,,~,6
1076,2MASX J00391515+4129160,2482.84,0,2009AJ....137...94C,B,,,17.44,,,~,10
1219,2MASX J00391836+4048260,2861.73,0,2009AJ....137...94C,B,19.83,19.51,18.37,17.48,16.63,~,10
1220,2MASX J00391836+4048260,2861.73,0,2010MNRAS.402..803P,B,19.83,19.51,18.37,17.48,16.63,~,10
1227,2MASX J00394012+4102144,2240.65,0,2009AJ....137...94C,B,,18.97,17.25,,,~,9
1251,2MASX J00394456+4052554,2463.57,100,2009AJ....137...94C,B,18.11,17.41,16.45,15.79,14.96,~,34
1252,2MASX J00394456+4052554,2463.57,100,2010MNRAS.402..803P,B,18.11,17.41,16.45,15.79,14.96,~,34
1253,2MASX J00394456+4052554,2463.57,100,2016ApJ...824...42C,B,18.11,17.41,16.45,15.79,14.96,~,34
1470,2MASX J00394856+4031304,3337.33,100,2007PASP..119....7K,S,16.57,16.55,16.24,16.03,15.58,~,51
1471,2MASX J00394856+4031304,3337.33,100,2009AJ....137...94C,B,16.57,16.55,16.24,16.03,15.58,~,51
1472,2MASX J00394856+4031304,3337.33,100,2010MNRAS.402..803P,B,16.57,16.55,16.24,16.03,15.58,~,51
1582,2MASX J00395100+4058104,2235.23,100,2009AJ....137...94C,B,18.82,18.33,16.92,16.47,15.41,~,36
1583,2MASX J00395100+4058104,2235.23,100,2010MNRAS.402..803P,B,18.82,18.33,16.92,16.47,15.41,~,36
1584,2MASX J00395100+4058104,2235.23,100,2016ApJ...824...42C,B,18.82,18.33,16.92,16.47,15.41,~,36
900,2MASX J00400098+4100574,2057.41,0,2009AJ....137...94C,B,,,17.84,,16.31,~,7
901,2MASX J00400098+4100574,2057.41,0,2010MNRAS.402..803P,B,,,17.84,,16.31,~,7
3110,2MASX J00400226+4209560,3703.45,0,2009AJ....137...94C,B,19.58,19.1,18.02,16.98,16.54,~,6
3111,2MASX J00400226+4209560,3703.45,0,2010MNRAS.402..803P,B,19.58,19.1,18.02,16.98,16.54,~,6
1342,2MASX J00401404+3941311,5929.84,0,2010MNRAS.402..803P,B,18.9,19.05,17.92,17.16,,~,8
1343,2MASX J00401404+3941311,5929.84,100,2009AJ....137...94C,B,18.9,19.05,17.92,17.16,,~,8
907,2MASX J00403611+4107331,1536.05,0,2009AJ....137...94C,B,17.27,17.81,16.56,,16.08,~,8
975,2MASX J00403845+4125241,1523.63,100,2009AJ....137...94C,B,18.56,18.06,17.19,16.6,15.96,~,34
976,2MASX J00403845+4125241,1523.63,100,2010MNRAS.402..803P,B,18.56,18.06,17.19,16.6,15.96,~,34
977,2MASX J00403845+4125241,1523.63,100,2016ApJ...824...42C,B,18.56,18.06,17.19,16.6,15.96,~,34
1190,2MASX J00404112+3958311,4863.13,0,2009AJ....137...94C,B,19.27,18.7,17.37,16.69,,~,8
1191,2MASX J00404112+3958311,4863.13,0,2010MNRAS.402..803P,B,19.27,18.7,17.37,16.69,,~,8
4026,2MASX J00404168+4038281,2652.34,100,2004PASJ...56.1025K,S,19.99,19.04,17.89,16.91,16.14,~,37
4027,2MASX J00404168+4038281,2652.34,100,2008ApJS..177..174N,B,19.99,19.04,17.89,16.91,16.14,~,37
4028,2MASX J00404168+4038281,2652.34,100,2009AJ....137...94C,B,19.99,19.04,17.89,16.91,16.14,~,37
4029,2MASX J00404168+4038281,2652.34,100,2010MNRAS.402..803P,B,19.99,19.04,17.89,16.91,16.14,~,37
980,2MASX J00404501+4059561,1661.45,100,2009AJ....137...94C,B,,19.2,17.87,16.93,15.9,~,33
981,2MASX J00404501+4059561,1661.45,100,2010MNRAS.402..803P,B,,19.2,17.87,16.93,15.9,~,33
982,2MASX J00404501+4059561,1661.45,100,2016ApJ...824...42C,B,,19.2,17.87,16.93,15.9,~,33
983,2MASX J00404516+4122098,1390.41,100,2009AJ....137...94C,B,18.86,18.58,17.58,16.85,16.15,~,28
984,2MASX J00404516+4122098,1390.41,100,2010MNRAS.402..803P,B,18.86,18.58,17.58,16.85,16.15,~,28
985,2MASX J00404516+4122098,1390.41,100,2016ApJ...824...42C,B,18.86,18.58,17.58,16.85,16.15,~,28
651,2MASX J00410067+3955539,4956.18,100,2009AJ....137...94C,B,18.29,17.762,16.869,16.27,15.57,~,27
652,2MASX J00410067+3955539,4956.18,100,2010MNRAS.402..803P,B,18.29,17.762,16.869,16.27,15.57,~,27
653,2MASX J00410067+3955539,4956.18,100,2016ApJ...824...42C,B,18.29,17.762,16.869,16.27,15.57,~,27
1192,2MASX J00410351+4029529,3000.87,0,2009AJ....137...94C,B,19.49,19.19,18.01,17.48,,~,5
1193,2MASX J00410351+4029529,3000.87,0,2010MNRAS.402..803P,B,19.49,19.19,18.01,17.48,,~,5
1194,2MASX J00411407+4006159,4315.42,0,2009AJ....137...94C,B,19.73,18.97,17.98,17.02,,~,7
992,2MASX J00411457+4124399,1133.32,100,2009AJ....137...94C,B,19.14,18.6,17.53,16.88,16.22,~,28
993,2MASX J00411457+4124399,1133.32,100,2010MNRAS.402..803P,B,19.14,18.6,17.53,16.88,16.22,~,28
994,2MASX J00411457+4124399,1133.32,100,2016ApJ...824...42C,B,19.14,18.6,17.53,16.88,16.22,~,28
3154,2MASX J00413355+4220359,3948.53,0,2009AJ....137...94C,B,18.95,18.46,16.84,,,~,8
3155,2MASX J00413355+4220359,3948.53,0,2010MNRAS.402..803P,B,18.95,18.46,16.84,,,~,8
564,2MASX J00414490+4016065,3663.31,0,2009AJ....137...94C,B,19.68,18.99,17.44,16.85,,~,9
565,2MASX J00414490+4016065,3663.31,0,2010MNRAS.402..803P,B,19.68,18.99,17.44,16.85,,~,9
1018,2MASX J00414670+4125195,851.93,100,2009AJ....137...94C,B,17.6,17.24,16.28,15.39,14.65,~,40
1019,2MASX J00414670+4125195,851.93,100,2010MNRAS.402..803P,B,17.6,17.24,16.28,15.39,14.65,~,40
1020,2MASX J00414670+4125195,851.93,100,2016ApJ...824...42C,B,17.6,17.24,16.28,15.39,14.65,~,40
1021,2MASX J00414697+4138094,1471.13,0,2009AJ....137...94C,B,19.8,18.62,17.21,16.54,15.77,~,13
1308,2MASX J00415654+4022594,3233.99,0,2009AJ....137...94C,B,,17.9,,,,~,9
1309,2MASX J00415654+4022594,3233.99,0,2010MNRAS.402..803P,B,,17.9,,,,~,9
1331,2MASX J00420023+4138329,1433.2,0,2009AJ....137...94C,B,19.33,18.58,17.24,16.61,15.82,~,14
1038,2MASX J00421213+4129280,878.77,0,2009AJ....137...94C,B,19.97,19.24,17.82,16.94,16,~,12
1039,2MASX J00421213+4129280,878.77,0,2010MNRAS.402..803P,B,19.97,19.24,17.82,16.94,16,~,12
1271,2MASX J00422012+4030310,2750.52,0,2009AJ....137...94C,B,19.71,19.15,17.51,16.93,15.94,~,10
1272,2MASX J00422012+4030310,2750.52,0,2010MNRAS.402..803P,B,19.71,19.15,17.51,16.93,15.94,~,10
1236,2MASX J00423322+4131244,925.4,100,2009AJ....137...94C,B,,,18.56,17.52,16.42,~,18
1237,2MASX J00423322+4131244,925.4,100,2010MNRAS.402..803P,B,,,18.56,17.52,16.42,~,18
1238,2MASX J00423322+4131244,925.4,100,2016ApJ...824...42C,B,,,18.56,17.52,16.42,~,18
1050,2MASX J00424006+4133464,1060.45,100,2009AJ....137...94C,B,19.95,19.2,17.65,16.84,15.71,~,25
1051,2MASX J00424006+4133464,1060.45,100,2010MNRAS.402..803P,B,19.95,19.2,17.65,16.84,15.71,~,25
1052,2MASX J00424006+4133464,1060.45,100,2016ApJ...824...42C,B,19.95,19.2,17.65,16.84,15.71,~,25
1107,2MASX J00430792+4017375,3520.49,0,2009AJ....137...94C,B,18.73,18.28,17.38,16.88,,~,7
1108,2MASX J00430792+4017375,3520.49,0,2010MNRAS.402..803P,B,18.73,18.28,17.38,16.88,,~,7
3117,2MASX J00430957+4224594,4141.25,0,2010MNRAS.402..803P,B,19.3,18.74,17.75,,,~,8
3118,2MASX J00430957+4224594,4141.25,100,2009AJ....137...94C,B,19.3,18.74,17.75,,,~,8
1344,2MASX J00431530+4015437,3640.76,100,2009AJ....137...94C,B,16.93,16.9,16.91,16.39,,~,8
1345,2MASX J00431903+4024128,3139.69,0,2009AJ....137...94C,B,19.46,19.14,17.56,16.92,,~,6
1346,2MASX J00431903+4024128,3139.69,0,2010MNRAS.402..803P,B,19.46,19.14,17.56,16.92,,~,6
2974,2MASX J00432253+4144058,1732.09,100,2009AJ....137...94C,B,20.82,19.23,18.41,16.69,15.72,~,24
2975,2MASX J00432253+4144058,1732.09,100,2010MNRAS.402..803P,B,20.82,19.23,18.41,16.69,15.72,~,24
2976,2MASX J00432253+4144058,1732.09,100,2016ApJ...824...42C,B,20.82,19.23,18.41,16.69,15.72,~,24
955,2MASX J00432653+4051518,1531.89,0,2009AJ....137...94C,B,,,18.19,,16.49,~,7
956,2MASX J00432653+4051518,1531.89,0,2010MNRAS.402..803P,B,,,18.19,,16.49,~,7
1363,2MASX J00433041+4049108,1698.61,100,2009AJ....137...94C,B,17.32,17.25,16.86,16.09,15.53,~,36
1364,2MASX J00433041+4049108,1698.61,100,2010MNRAS.402..803P,B,17.32,17.25,16.86,16.09,15.53,~,36
1365,2MASX J00433041+4049108,1698.61,100,2016ApJ...824...42C,B,17.32,17.25,16.86,16.09,15.53,~,36
765,2MASX J00434125+4054458,1434.1,0,2009AJ....137...94C,B,,,18.2,,,~,6
766,2MASX J00434125+4054458,1434.1,0,2010MNRAS.402..803P,B,,,18.2,,,~,6
1348,2MASX J00434133+3936458,5997.04,75,2010MNRAS.402..803P,S,17.18,16.83,16.17,15.82,,~,8
1349,2MASX J00434133+3936458,5997.04,100,2009AJ....137...94C,B,17.18,16.83,16.17,15.82,,~,8
3109,2MASX J00434166+4207575,3175.12,0,2009AJ....137...94C,B,18.71,18.34,17.12,,15.78,~,10
2478,2MASX J00434551+4136578,1426.83,100,2009A&A...495..733S,B,17.04,16.3,15.33,14.76,14.18,~,83
2479,2MASX J00434551+4136578,1426.83,100,2009AJ....137...94C,B,17.04,16.3,15.33,14.76,14.18,~,83
2480,2MASX J00434551+4136578,1426.83,100,2010MNRAS.402..803P,B,17.04,16.3,15.33,14.76,14.18,~,83
2481,2MASX J00434551+4136578,1426.83,100,2012ApJ...752...95J,B,17.04,16.3,15.33,14.76,14.18,~,83
2482,2MASX J00434551+4136578,1426.83,100,2016ApJ...824...42C,B,17.04,16.3,15.33,14.76,14.18,~,83
2536,2MASX J00435283+4109579,856.73,100,2009AJ....137...94C,B,17.17,16.68,16.18,15.32,15.21,~,39
2537,2MASX J00435283+4109579,856.73,100,2010MNRAS.402..803P,B,17.17,16.68,16.18,15.32,15.21,~,39
2538,2MASX J00435283+4109579,856.73,100,2016ApJ...824...42C,B,17.17,16.68,16.18,15.32,15.21,~,39
1083,2MASX J00435576+4001229,4557.11,0,2009AJ....137...94C,B,,18.73,17.12,,,~,9
3063,2MASX J00440998+4246578,5533.25,100,2009AJ....137...94C,B,17.97,17.59,16.631,16.013,15.35,~,25
3064,2MASX J00440998+4246578,5533.25,100,2010MNRAS.402..803P,B,17.97,17.59,16.631,16.013,15.35,~,25
3065,2MASX J00440998+4246578,5533.25,100,2016ApJ...824...42C,B,17.97,17.59,16.631,16.013,15.35,~,25
1138,2MASX J00441503+4056469,1548.28,100,2009AJ....137...94C,B,17.74,17.322,16.386,15.818,15.19,~,38
1139,2MASX J00441503+4056469,1548.28,100,2010MNRAS.402..803P,B,17.74,17.322,16.386,15.818,15.19,~,38
1140,2MASX J00441503+4056469,1548.28,100,2016ApJ...824...42C,B,17.74,17.322,16.386,15.818,15.19,~,38
3122,2MASX J00441917+4225107,4276.76,0,2009AJ....137...94C,B,19.03,19.68,18.1,,,~,5
3123,2MASX J00441917+4225107,4276.76,0,2010MNRAS.402..803P,B,19.03,19.68,18.1,,,~,5
872,2MASX J00442305+4133065,1507.22,100,2009AJ....137...94C,B,18.05,17.76,16.77,16.01,15.77,~,43
873,2MASX J00442305+4133065,1507.22,100,2010MNRAS.402..803P,B,18.05,17.76,16.77,16.01,15.77,~,43
874,2MASX J00442305+4133065,1507.22,100,2016ApJ...824...42C,B,18.05,17.76,16.77,16.01,15.77,~,43
967,2MASX J00442741+4050175,1939.57,0,2009AJ....137...94C,B,,,18.27,,17.25,~,9
968,2MASX J00442741+4050175,1939.57,0,2010MNRAS.402..803P,B,,,18.27,,17.25,~,9
879,2MASX J00443052+4110585,1237.2,0,2009AJ....137...94C,B,19.08,19.04,17.65,,16.74,~,15
880,2MASX J00443052+4110585,1237.2,0,2010MNRAS.402..803P,B,19.08,19.04,17.65,,16.74,~,15
1350,2MASX J00443081+4005555,4383.08,0,2009AJ....137...94C,B,18.41,19.19,17.96,17.24,,~,7
1351,2MASX J00443081+4005555,4383.08,0,2010MNRAS.402..803P,B,18.41,19.19,17.96,17.24,,~,7
3068,2MASX J00444399+4207298,3361.15,0,2009AJ....137...94C,B,18.76,18.87,17.46,16.62,,~,10
3069,2MASX J00444399+4207298,3361.15,0,2010MNRAS.402..803P,B,18.76,18.87,17.46,16.62,,~,10
785,2MASX J00445507+4116155,1474.04,0,2009AJ....137...94C,B,,,18.1,,16.12,~,6
786,2MASX J00445507+4116155,1474.04,0,2010MNRAS.402..803P,B,,,18.1,,16.12,~,6
2486,2MASX J00445796+4129235,1701.45,100,2009AJ....137...94C,B,17.52,17.12,16.42,15.72,15.28,~,42
2487,2MASX J00445796+4129235,1701.45,100,2010MNRAS.402..803P,B,17.52,17.12,16.42,15.72,15.28,~,42
2488,2MASX J00445796+4129235,1701.45,100,2016ApJ...824...42C,B,17.52,17.12,16.42,15.72,15.28,~,42
2644,2MASX J00450475+4108555,1642.11,0,2009AJ....137...94C,B,,,18.3,,,~,6
2645,2MASX J00450475+4108555,1642.11,0,2010MNRAS.402..803P,B,,,18.3,,,~,6
2785,2MASX J00451211+3952536,5270.32,0,2009AJ....137...94C,B,,18.39,16.74,,,~,9
3381,2MASX J00451273+4224082,4404.91,0,2009AJ....137...94C,B,18.51,18.45,17.4,,15.61,~,10
3382,2MASX J00451273+4224082,4404.91,0,2010MNRAS.402..803P,B,18.51,18.45,17.4,,15.61,~,10
3210,2MASX J00451437+4157405,3007.78,100,2009AJ....137...94C,B,17.32,17.15,16.28,15.63,15.11,~,39
3211,2MASX J00451437+4157405,3007.78,100,2010MNRAS.402..803P,B,17.32,17.15,16.28,15.63,15.11,~,39
3212,2MASX J00451437+4157405,3007.78,100,2012ApJ...752...95J,B,17.32,17.15,16.28,15.63,15.11,~,39
3213,2MASX J00451437+4157405,3007.78,100,2016ApJ...824...42C,B,17.32,17.15,16.28,15.63,15.11,~,39
3371,2MASX J00452222+4220563,4270.71,0,2009AJ....137...94C,B,18.91,18.44,17.53,,,~,9
3372,2MASX J00452222+4220563,4270.71,0,2010MNRAS.402..803P,B,18.91,18.44,17.53,,,~,9
2701,2MASX J00452251+3938595,6101.2,0,2009AJ....137...94C,B,18.05,18.1,17.51,16.66,,~,8
2702,2MASX J00452251+3938595,6101.2,0,2010MNRAS.402..803P,B,18.05,18.1,17.51,16.66,,~,8
2662,2MASX J00452502+4105185,1926.75,0,2009AJ....137...94C,B,,,18.01,,,~,9
3383,2MASX J00452790+4207033,3562.96,0,2009AJ....137...94C,B,,19.1,17.46,16.36,15.63,~,10
3384,2MASX J00452790+4207033,3562.96,0,2010MNRAS.402..803P,B,,19.1,17.46,16.36,15.63,~,10
2762,2MASX J00452917+4005495,4616.13,0,2009AJ....137...94C,B,19.37,19.24,17.64,17.01,,~,6
2763,2MASX J00452917+4005495,4616.13,0,2010MNRAS.402..803P,B,19.37,19.24,17.64,17.01,,~,6
3373,2MASX J00453006+4214193,3953.75,0,2009AJ....137...94C,B,,,,,,~,7
3394,2MASX J00453337+4200243,3263.42,100,2009AJ....137...94C,B,17.61,17.48,16.56,15.84,15.64,~,38
3395,2MASX J00453337+4200243,3263.42,100,2010MNRAS.402..803P,B,17.61,17.48,16.56,15.84,15.64,~,38
3396,2MASX J00453337+4200243,3263.42,100,2016ApJ...824...42C,B,17.61,17.48,16.56,15.84,15.64,~,38
2666,2MASX J00454109+4106314,2076.99,0,2009AJ....137...94C,B,,,18.36,,16.92,~,7
2667,2MASX J00454109+4106314,2076.99,0,2010MNRAS.402..803P,B,,,18.36,,16.92,~,7
3247,2MASX J00454409+4140064,2480.65,0,2009AJ....137...94C,B,18.23,20.21,17.95,16.93,16.63,~,9
3248,2MASX J00454409+4140064,2480.65,0,2010MNRAS.402..803P,B,18.23,20.21,17.95,16.93,16.63,~,9
2764,2MASX J00454621+3949324,5593.52,0,2009AJ....137...94C,B,15.01,18.4,17.45,,,~,6
2765,2MASX J00454621+3949324,5593.52,0,2010MNRAS.402..803P,B,15.01,18.4,17.45,,,~,6
2735,2MASX J00454815+4023294,3784.97,0,2009AJ....137...94C,B,18.89,18.83,17.68,16.92,15.92,~,7
2736,2MASX J00454815+4023294,3784.97,0,2010MNRAS.402..803P,B,18.89,18.83,17.68,16.92,15.92,~,7
2705,2MASX J00455182+4030154,3477.36,0,2009AJ....137...94C,B,17.46,17.52,16.66,16.43,,~,9
2706,2MASX J00455182+4030154,3477.36,0,2010MNRAS.402..803P,B,17.46,17.52,16.66,16.43,,~,9
2769,2MASX J00455937+4036404,3238.61,0,2009AJ....137...94C,B,19.03,18.62,17.53,16.95,,~,6
2770,2MASX J00455937+4036404,3238.61,0,2010MNRAS.402..803P,B,19.03,18.62,17.53,16.95,,~,6
2771,2MASX J00455937+4038084,3174.57,0,2009AJ....137...94C,B,19.21,18.96,17.48,16.85,,~,7
2772,2MASX J00455937+4038084,3174.57,0,2010MNRAS.402..803P,B,19.21,18.96,17.48,16.85,,~,7
2775,2MASX J00461013+4002533,4979.1,0,2009AJ....137...94C,B,19.02,18.78,17.48,16.85,,~,6
2776,2MASX J00461013+4002533,4979.1,0,2010MNRAS.402..803P,B,19.02,18.78,17.48,16.85,,~,6
2671,2MASX J00462920+4103459,2645.82,0,2009AJ....137...94C,B,18,17.59,16.48,16.08,,~,8
2779,2MASX J00462921+4102568,2659.58,0,2009AJ....137...94C,B,18.1,17.89,16.91,16.51,,~,8
2780,2MASX J00462921+4102568,2659.58,0,2010MNRAS.402..803P,B,18.1,17.89,16.91,16.51,,~,8
2739,2MASX J00463640+4000269,5252.92,0,2010MNRAS.402..803P,B,19.32,18.47,17.35,16.66,15.64,~,9
2740,2MASX J00463640+4000269,5252.92,100,2009AJ....137...94C,B,19.32,18.47,17.35,16.66,15.64,~,9
2673,2MASX J00463878+3927018,7072.77,0,2009AJ....137...94C,B,,,17,16.53,,~,9
2674,2MASX J00463878+3927018,7072.77,0,2010MNRAS.402..803P,B,,,17,16.53,,~,9
2741,2MASX J00464076+4132568,2844.97,0,2009AJ....137...94C,B,19.87,18.89,17.57,16.81,16.04,~,6
2742,2MASX J00464076+4132568,2844.97,0,2010MNRAS.402..803P,B,19.87,18.89,17.57,16.81,16.04,~,6
3203,2MASX J00464384+4149098,3340.42,0,2007AJ....134..706K,S,19.34,18.78,17.38,16.78,16.04,~,11
3204,2MASX J00464384+4149098,3340.42,0,2009AJ....137...94C,B,19.34,18.78,17.38,16.78,16.04,~,11
3205,2MASX J00464384+4149098,3340.42,0,2010MNRAS.402..803P,B,19.34,18.78,17.38,16.78,16.04,~,11
2709,2MASX J00465218+4115087,2795.3,0,2009AJ....137...94C,B,19.17,19.12,17.86,17.26,,~,5
3377,2MASX J00465570+4219453,4740.96,0,2010MNRAS.402..803P,B,20.06,19.05,17.78,,16.03,~,8
3378,2MASX J00465570+4219453,4740.96,100,2009AJ....137...94C,B,20.06,19.05,17.78,,16.03,~,8
2711,2MASX J00465949+4019517,4448.83,0,2009AJ....137...94C,B,18.95,18.92,17.63,16.93,,~,7
2712,2MASX J00465949+4019517,4448.83,0,2010MNRAS.402..803P,B,18.95,18.92,17.63,16.93,,~,7
2713,2MASX J00470034+4059377,3057.14,0,2007AJ....134..706K,S,,,17.47,16.8,,~,8
2714,2MASX J00470034+4059377,3057.14,0,2009AJ....137...94C,B,,,17.47,16.8,,~,8
2715,2MASX J00470034+4059377,3057.14,0,2010MNRAS.402..803P,B,,,17.47,16.8,,~,8
2716,2MASX J00470035+4040367,3598.21,0,2007AJ....134..706K,S,19.24,19.36,18,17.41,,~,8
2717,2MASX J00470035+4040367,3598.21,0,2009AJ....137...94C,B,19.24,19.36,18,17.41,,~,8
2718,2MASX J00470035+4040367,3598.21,0,2010MNRAS.402..803P,B,19.24,19.36,18,17.41,,~,8
2754,2MASX J00470122+4124067,2932.78,100,2009AJ....137...94C,B,17.97,17.719,16.93,16.4,16,~,29
2755,2MASX J00470122+4124067,2932.78,100,2010MNRAS.402..803P,B,17.97,17.719,16.93,16.4,16,~,29
2756,2MASX J00470122+4124067,2932.78,100,2016ApJ...824...42C,B,17.97,17.719,16.93,16.4,16,~,29
2682,2MASX J00470203+3922427,7415.15,0,2010MNRAS.402..803P,B,,,16.98,16.42,,~,8
2720,2MASX J00470445+3942007,6378.96,0,2009AJ....137...94C,B,19.49,18.58,18.27,17,,~,7
2721,2MASX J00470445+3942007,6378.96,0,2010MNRAS.402..803P,B,19.49,18.58,18.27,17,,~,7
2694,2MASX J00470565+4108117,2987,0,2009AJ....137...94C,B,,18.27,17.32,,,~,10
2695,2MASX J00470610+4112257,2960.77,0,2009AJ....137...94C,B,,18.25,16.87,,,~,9
3185,2MASX J00470648+4135437,3174.14,0,2009AJ....137...94C,B,17.66,18.07,17.31,16.43,,~,8
3186,2MASX J00470648+4135437,3174.14,0,2010MNRAS.402..803P,B,17.66,18.07,17.31,16.43,,~,8
2683,2MASX J00470828+3948177,6068.16,0,2009AJ....137...94C,B,18.31,18.54,17.78,17.13,,~,7
2684,2MASX J00470828+3948177,6068.16,0,2010MNRAS.402..803P,B,18.31,18.54,17.78,17.13,,~,7
3388,2MASX J00471452+4217055,4744.92,0,2009AJ....137...94C,B,20.58,19.14,17.93,16.77,16.64,~,10
3389,2MASX J00471452+4217055,4744.92,0,2010MNRAS.402..803P,B,20.58,19.14,17.93,16.77,16.64,~,10
3194,2MASX J00472038+4154576,3875.71,0,2009AJ....137...94C,B,19.1,18.72,17.39,16.58,15.61,~,9
3195,2MASX J00472038+4154576,3875.71,0,2010MNRAS.402..803P,B,19.1,18.72,17.39,16.58,15.61,~,9
3390,2MASX J00472468+4155116,3922.42,0,2010MNRAS.402..803P,B,19.6,19.02,17.97,17.04,15.82,~,10
3391,2MASX J00472468+4155116,3922.42,100,2009AJ....137...94C,B,19.6,19.02,17.97,17.04,15.82,~,10
2724,2MASX J00472693+4054212,3451.14,0,2009AJ....137...94C,B,19.22,18.76,17.65,17,,~,6
2725,2MASX J00472693+4054212,3451.14,0,2010MNRAS.402..803P,B,19.22,18.76,17.65,17,,~,6
2690,2MASX J00472942+3940232,6601.28,0,2009AJ....137...94C,B,19.05,18.55,17.53,,15.61,~,7
2691,2MASX J00472942+3940232,6601.28,0,2010MNRAS.402..803P,B,19.05,18.55,17.53,,15.61,~,7
3181,2MASX J00472968+4143212,3598.14,0,2009AJ....137...94C,B,,18.93,17.22,,,~,9
2727,2MASX J00473169+4053112,3528.72,0,2009AJ....137...94C,B,18.74,18.18,17.15,16.63,,~,8
2728,2MASX J00473169+4053112,3528.72,0,2010MNRAS.402..803P,B,18.74,18.18,17.15,16.63,,~,8
2729,2MASX J00473322+3956462,5787.12,0,2009AJ....137...94C,B,19.06,18.91,17.43,,,~,6
2730,2MASX J00473322+3956462,5787.12,0,2010MNRAS.402..803P,B,19.06,18.91,17.43,,,~,6
3376,2MASX J00473763+4247545,6403.4,0,2010MNRAS.402..803P,B,,19.198,17.972,17.256,,~,8
2696,2MASX J00474491+4011372,5162.07,0,2009AJ....137...94C,B,,19.52,17.44,,,~,10
2861,2MASX J00474571+3944412,6473.88,0,2009AJ....137...94C,B,18.72,18.43,18.26,,,~,7
2862,2MASX J00474571+3944412,6473.88,0,2010MNRAS.402..803P,B,18.72,18.43,18.26,,,~,7
3438,2MASX J00474620+4244557,6301.34,75,2010MNRAS.402..803P,S,,,17.61,,,~,9
3345,2MASX J00474940+4139102,3697.32,0,2009AJ....137...94C,B,,18.49,16.47,,,~,9
3432,2MASX J00475726+4207018,4649.06,0,2009AJ....137...94C,B,,,18.02,,,~,9
2843,2MASX J00480357+3942138,6707.85,0,2009AJ....137...94C,B,19.08,18.34,17.7,,15.81,~,10
2844,2MASX J00480357+3942138,6707.85,0,2010MNRAS.402..803P,B,19.08,18.34,17.7,,15.81,~,10
2863,2MASX J00480905+3930018,7367.39,0,2009AJ....137...94C,B,0,,17.64,16.89,,~,7
2864,2MASX J00480905+3930018,7367.39,0,2010MNRAS.402..803P,B,0,,17.64,16.89,,~,7
2865,2MASX J00481665+4021509,4983.92,0,2009AJ....137...94C,B,19.53,19.17,18.03,16.96,,~,5
3443,2MASX J00481717+4153458,4364.74,0,2010MNRAS.402..803P,B,18.94,18.49,17.49,16.68,15.78,~,8
3450,2MASX J00481940+4208268,4891.95,100,2009AJ....137...94C,B,18.08,17.42,16.61,15.74,,~,7
2859,2MASX J00482357+4029218,4761.58,0,2009AJ....137...94C,B,,18.81,17.14,,,~,14
3356,2MASX J00482929+4135098,4043.97,0,2009AJ....137...94C,B,18.64,18.42,17.26,16.57,,~,7
3357,2MASX J00482929+4135098,4043.97,0,2010MNRAS.402..803P,B,18.64,18.42,17.26,16.57,,~,7
3358,2MASX J00482930+4138108,4098.27,0,2010MNRAS.402..803P,B,19.02,18.7,17.21,16.6,,~,7
3359,2MASX J00482930+4138108,4098.27,100,2009AJ....137...94C,B,19.02,18.7,17.21,16.6,,~,7
2845,2MASX J00482990+3939188,7020.85,0,2009AJ....137...94C,B,18.71,18.39,17.6,,15.81,~,8
2846,2MASX J00482990+3939188,7020.85,0,2010MNRAS.402..803P,B,18.71,18.39,17.6,,15.81,~,8
3440,2MASX J00483604+4201350,4793.75,100,2009AJ....137...94C,B,18.39,18.155,17.42,16.794,16.06,~,24
3441,2MASX J00483604+4201350,4793.75,100,2010MNRAS.402..803P,B,18.39,18.155,17.42,16.794,16.06,~,24
3442,2MASX J00483604+4201350,4793.75,100,2016ApJ...824...42C,B,18.39,18.155,17.42,16.794,16.06,~,24
2847,2MASX J00483637+4120418,3976.23,0,2009AJ....137...94C,B,18.05,18.18,17.06,16.58,,~,7
2848,2MASX J00483637+4120418,3976.23,0,2010MNRAS.402..803P,B,18.05,18.18,17.06,16.58,,~,7
2882,2MASX J00483738+3931039,7483.79,100,2009AJ....137...94C,B,18.53,19.38,16.3,15.83,14.42,~,6
2849,2MASX J00484516+4008459,5759.02,0,2009AJ....137...94C,B,18.87,18.77,17.83,,15.69,~,9
2850,2MASX J00484516+4008459,5759.02,75,2010MNRAS.402..803P,S,18.87,18.77,17.83,,15.69,~,9
2866,2MASX J00485484+3935559,7350.37,75,2010MNRAS.402..803P,S,19.69,18.92,17.56,,,~,8
2867,2MASX J00485484+3935559,7350.37,100,2009AJ....137...94C,B,19.69,18.92,17.56,,,~,8
3449,2MASX J00490124+4215391,5526.13,100,2009AJ....137...94C,B,,,17.29,,,~,9
3436,2MASX J00490650+4230331,6176.7,0,2010MNRAS.402..803P,B,,19.986,18.335,17.517,,~,8
3454,2MASX J00491538+4219032,5777.57,0,2010MNRAS.402..803P,B,,18.748,17.385,16.769,15.37,~,10
2871,2MASX J00491747+4045065,4823.56,75,2010MNRAS.402..803P,S,19.68,19.12,17.94,16.99,,~,8
2883,2MASX J00493489+4000286,6514.26,0,2010MNRAS.402..803P,B,18.81,18.53,17.04,,15.31,~,8
2884,2MASX J00493489+4000286,6514.26,100,2009AJ....137...94C,B,18.81,18.53,17.04,,15.31,~,8
3451,2MASX J00494908+4156499,5353.69,0,2010MNRAS.402..803P,B,17.68,17.2,16.21,15.65,,~,7
3447,2MASX J00495282+4209429,5775.69,100,2009AJ....137...94C,B,,18.59,17.52,,,~,10
3448,2MASX J00495929+4215559,6046.16,100,2009AJ....137...94C,B,,18.56,17.2,,,~,10
2875,2MASX J00500370+4037395,5487.36,75,2010MNRAS.402..803P,S,18.46,18.98,17.58,16.99,,~,7
2876,2MASX J00501377+4056244,5215.79,0,2010MNRAS.402..803P,B,17.91,18.1,16.84,16.24,,~,6
2877,2MASX J00501377+4056244,5215.79,100,2009AJ....137...94C,B,17.91,18.1,16.84,16.24,,~,6
2880,2MASX J00503196+4113205,5277.16,0,2010MNRAS.402..803P,B,17.85,17.96,16.68,16.8,,~,7
2881,2MASX J00503196+4113205,5277.16,100,2009AJ....137...94C,B,17.85,17.96,16.68,16.8,,~,7
2855,2MASX J00504343+4011125,6695.27,0,2009AJ....137...94C,B,,,17.27,,16.62,~,9
2856,2MASX J00504343+4011125,6695.27,75,2010MNRAS.402..803P,S,,,17.27,,16.62,~,9
2886,2MASX J00504785+4125465,5474.8,0,2010MNRAS.402..803P,B,18.66,18.52,17.33,20.71,15.66,~,6
3452,2MASX J00504885+4221441,6695.73,0,2010MNRAS.402..803P,B,18.6,18.83,17.77,,,~,5
3453,2MASX J00504885+4221441,6695.73,100,2009AJ....137...94C,B,18.6,18.83,17.77,,,~,5
328,2XMM J004241.6+411635,40.11,100,2008A&A...480..599S,S,,,,,,~,7
2403,2XMM J004242.1+411607,24.42,100,2008A&A...480..599S,S,,,,,,~,15
138,2XMM J004247.6+411113,296.31,60,2008A&A...480..599S,S,,17.89,17.03,16.34,15.76,~,38
139,2XMM J004247.6+411113,296.31,100,2009AJ....137...94C,B,,17.89,17.03,16.34,15.76,~,38
140,2XMM J004247.6+411113,296.31,100,2010MNRAS.402..803P,B,,17.89,17.03,16.34,15.76,~,38
141,2XMM J004247.6+411113,296.31,100,2016ApJ...824...42C,B,,17.89,17.03,16.34,15.76,~,38
367,2XMM J004255.2+411835,194.78,75,2010MNRAS.402..803P,S,18.83,18.15,16.94,16.03,15.91,~,37
368,2XMM J004255.2+411835,194.78,100,2009AJ....137...94C,B,18.83,18.15,16.94,16.03,15.91,~,37
369,2XMM J004255.2+411835,194.78,100,2012ApJ...752...95J,B,18.83,18.15,16.94,16.03,15.91,~,37
370,2XMM J004255.2+411835,194.78,100,2016ApJ...824...42C,B,18.83,18.15,16.94,16.03,15.91,~,37
2619,2XMM J004315.3+412439,621.17,100,2008A&A...480..599S,S,,,,,,~,3
4239,2XMMi J004319.9+411346,426.44,100,2011ApJ...734...12S,B,,,,17,,~,28
3333,5C 3.194,4784.01,0,2009AJ....137...94C,B,18.5,18.45,17,16.5,,~,8
3334,5C 3.194,4784.01,0,2010MNRAS.402..803P,B,18.5,18.45,17,16.5,,~,8
1454,5C 3.76,2311.21,0,2009A&A...495..733S,B,,,19.3,19.9,,~,52
1718,7C 003934.39+411302.00,850.62,60,2008A&A...480..599S,S,,,,,,~,18
3720,[A56] 1,220.22,90,2004yCat.2250....0S,S,,15.7,16.4,,,~,5
3721,[A56] 2,2293.1,90,2004yCat.2250....0S,S,,15.7,16.4,,,~,5
3722,[A56] 3,266.04,90,2004yCat.2250....0S,S,,15.9,17.4,,,~,5
3719,[A56] 4,856.54,90,2004yCat.2250....0S,S,,18.2,18.2,,,~,6
3723,[A56] 5,315.55,90,2004yCat.2250....0S,S,,15.9,16,,,~,4
3724,[A56] 6,233.64,90,2004yCat.2250....0S,S,,16,16.4,,,~,5
3725,[A56] 7,610.76,90,2004yCat.2250....0S,S,,15.9,16,,,~,5
3726,[A56] 8,131.08,90,2004yCat.2250....0S,S,,16,17,,,~,4
3727,[A56] 9,185.45,90,2004yCat.2250....0S,S,,16,17.9,,,~,4
3728,[A56] 10,402.26,90,2004yCat.2250....0S,S,,16,17,,,~,5
3729,[A56] 12,2199.12,90,2004yCat.2250....0S,S,,16.1,16,,,~,5
3730,[A56] 13,731.65,90,2004yCat.2250....0S,S,,17,17,,,~,5
3731,[A56] 14,1198.45,90,2004yCat.2250....0S,S,,16.2,16.8,,,~,4
3732,[A56] 15,315.03,90,2004yCat.2250....0S,S,,16.4,16.9,,,~,5
3734,[A56] 17,288.18,90,2004yCat.2250....0S,S,,17.2,17.2,,,~,4
3735,[A56] 18,334.07,90,2004yCat.2250....0S,S,,17.5,17.4,,,~,4
3736,[A56] 19,169.69,90,2004yCat.2250....0S,S,,17.6,17.7,,,~,5
3737,[A56] 20,1462.78,90,2004yCat.2250....0S,S,,17.2,17.2,,,~,5
3738,[A56] 21,976.6,90,2004yCat.2250....0S,S,,17.4,17.4,,,~,5
3739,[A56] 22,230.6,90,2004yCat.2250....0S,S,,17.6,17.7,,,~,4
3740,[A56] 23,1353.58,90,2004yCat.2250....0S,S,,17.4,17.4,,,~,4
3741,[A56] 24,208.86,90,2004yCat.2250....0S,S,,17.8,17.8,,,~,5
3742,[A56] 25,248.03,90,2004yCat.2250....0S,S,,17.6,17.6,,,~,5
3743,[A56] 26,192.74,90,2004yCat.2250....0S,S,,18,18.2,,,~,5
3744,[A56] 27,1103.77,90,2004yCat.2250....0S,S,,17.8,18.5,,,~,4
3745,[A56] 28,585.2,90,2004yCat.2250....0S,S,,17.8,17.7,,,~,5
3746,[A56] 29,629,90,2004yCat.2250....0S,S,,18,18,,,~,5
3747,[A56] 30,692.08,90,2004yCat.2250....0S,S,,18.1,18,,,~,4
1714,[AMB2011] HII 874,1815.8,75,2014ApJ...786..130L,S,,,,,,~,15
1715,[AMB2011] HII 874,1815.8,100,2009A&A...495..733S,B,,,,,,~,15
1515,[AMB2011] HII 1843,829.81,100,2012ApJ...759...11N,B,,,19.65,,,WN3+neb,6
3053,[AMB2011] HII 2097,1528.5,100,2006AJ....131.2478M,B,18.978,19.804,19.215,18.447,17.973,cLBV,10
1964,[AMB2011] HII 2698,1406.28,75,2003AJ....126..175B,S,18.32,18.813,18.071,17.455,16.959,cLBV,11
1965,[AMB2011] HII 2698,1406.28,100,2006AJ....131.2478M,B,18.32,18.813,18.071,17.455,16.959,cLBV,11
223,[AMB2011] HII 2886,1170.34,100,2012ApJ...759...11N,B,,,,,,WC6+B0I,3
4556,[AMB2011] HII 3520,2725.35,100,2014ApJ...790...48H,B,17.9,18.6,18.5,18.2,18,A2Ia,10
4557,[AMB2011] HII 3520,2725.35,100,2016ApJ...825...50G,B,17.9,18.6,18.5,18.2,18,A2Ia,10
3553,[AMB2011] HII 3794,4193.23,100,2006AJ....131.2478M,B,17.876,18.449,18.155,17.721,17.389,cLBV,8
3554,[AMB2011] HII 3794,4193.23,100,2016ApJ...825...50G,B,17.876,18.449,18.155,17.721,17.389,cLBV,8
5308,[B68] 1,745.77,90,2004yCat.2250....0S,S,,14.85,14.9,,,~,9
3705,[B68] 2,482.98,90,2004yCat.2250....0S,S,,16.9,17,,,~,6
3883,[B68] 3,2424.91,90,2004yCat.2250....0S,S,,18.1,18.1,,,~,3
3706,[B68] 4,402.82,90,2004yCat.2250....0S,S,,16.9,16.9,,,~,8
3884,[B68] 6,145.34,90,2004yCat.2250....0S,S,,,17.9,,,~,3
3885,[B68] 7,1513.3,90,2004yCat.2250....0S,S,,,17.6,,,~,3
3886,[B68] 11,1282.55,90,2004yCat.2250....0S,S,,,17.4,,,~,3
3842,[B68] 12,369.87,90,2004yCat.2250....0S,S,,17.3,17.3,,,~,5
3887,[B68] 13,888.6,90,2004yCat.2250....0S,S,,17.3,17.8,,,~,3
3888,[B68] 16,2214.76,90,2004yCat.2250....0S,S,,,19.2,,,~,3
3889,[B68] 17,2109.03,90,2004yCat.2250....0S,S,,,16,,,~,3
3890,[B68] 19,3508.08,90,2004yCat.2250....0S,S,,,17.5,,,~,3
3873,[B68] 20,386.58,90,2004yCat.2250....0S,S,,,17.1,,,~,4
3891,[B68] 21,994.96,90,2004yCat.2250....0S,S,,,18.1,,,~,3
3893,[B68] 24,866.52,90,2004yCat.2250....0S,S,,19.1,19.1,,,~,3
5304,[B68] 26,1525.64,90,2004yCat.2250....0S,S,,15.4,15.4,,,~,4
3894,[B68] 27,77.42,90,2004yCat.2250....0S,S,,,17.5,,,~,4
2917,[BFS2004] V118,3057.92,100,2013ApJ...766...24D,B,,,22.42,,22.94,~,3
2212,[BGM2013] BHC 16,36.48,60,2008A&A...480..599S,S,,,21.18,,,~,16
2369,[BGM2013] BHC 27,216.86,60,2008A&A...480..599S,S,,,,,,~,10
372,[BGP2014] 71,462.38,60,2008A&A...480..599S,S,,,,,,~,9
2262,[BH2001b] 1,8911.92,0,2009AJ....137...94C,B,,,,22.302,,~,7
2263,[BH2001b] 2,2952.6,75,2010MNRAS.402..803P,S,18.827,19,18.791,18.485,18.035,~,12
2264,[BH2001b] 2,2952.6,100,2007PASP..119....7K,S,18.827,19,18.791,18.485,18.035,~,12
2265,[BH2001b] 2,2952.6,100,2008ApJS..177..174N,B,18.827,19,18.791,18.485,18.035,~,12
2266,[BH2001b] 2,2952.6,100,2009AJ....137...94C,B,18.827,19,18.791,18.485,18.035,~,12
2309,[BH2001b] 20,1172.57,0,2009AJ....137...94C,B,,19.01,17.78,,,~,9
2310,[BH2001b] 20,1172.57,0,2009ApJ...703..441D,B,,19.01,17.78,,,~,9
2311,[BH2001b] 21,1324.06,0,2009AJ....137...94C,B,,,18.55,,17.29,~,8
2314,[BH2001b] 23,340.22,75,2010MNRAS.402..803P,S,20.59,,18.51,,17.36,~,15
2315,[BH2001b] 23,340.22,100,2009AJ....137...94C,B,20.59,,18.51,,17.36,~,15
2316,[BH2001b] 23,340.22,100,2016ApJ...824...42C,B,20.59,,18.51,,17.36,~,15
3142,[BH2001b] 28,2132.35,75,2010MNRAS.402..803P,S,21.53,,20.33,,19.25,~,7
3143,[BH2001b] 28,2132.35,100,2009AJ....137...94C,B,21.53,,20.33,,19.25,~,7
2897,[BH2001b] 29,2305.63,75,2010MNRAS.402..803P,S,20.73,20.35,19.64,,18.84,~,13
2898,[BH2001b] 29,2305.63,100,2009AJ....137...94C,B,20.73,20.35,19.64,,18.84,~,13
3546,[BH2001b] 30,2542.59,100,2009AJ....137...94C,B,21.41,,20.5,,18.94,~,9
3547,[BH2001b] 31,3882.52,0,2009AJ....137...94C,B,,20.085,18.63,,17.135,~,5
3548,[BH2001b] 32,3644.07,75,2010MNRAS.402..803P,S,21.48,,20.19,,18.83,~,10
3549,[BH2001b] 32,3644.07,100,2007PASP..119....7K,S,21.48,,20.19,,18.83,~,10
3550,[BH2001b] 32,3644.07,100,2009AJ....137...94C,B,21.48,,20.19,,18.83,~,10
2279,[BH2001b] 8,2007.02,0,2009AJ....137...94C,B,,,18.666,,,~,6
1768,[BHG88] 40 242,3781.34,0,2009ApJ...703..441D,B,,19.36,18.09,,,~,3
1769,[BHG88] 40 370,3746.54,75,2009ApJ...703..420M,S,22.525,21.221,18.779,17.561,16.32,~,4
1570,[BHG88] 40 404,3787.31,0,2009ApJ...703..441D,B,,18.62,17.37,,,~,4
1574,[BHG88] 40 778,2663.05,0,2009ApJ...703..441D,B,,18.32,17.19,,,~,3
1575,[BHG88] 40 807,3919.88,0,2009ApJ...703..441D,B,,19.32,18.16,,,~,3
1576,[BHG88] 40 808,3677.4,0,2009ApJ...703..441D,B,,19.16,17.78,,,~,3
1580,[BHG88] 40 992,3684.36,0,2009ApJ...703..441D,B,,19.49,18.15,,,~,3
1589,[BHG88] 40 1267,3661.12,0,2009ApJ...703..441D,B,,19.64,18.33,,,~,3
1590,[BHG88] 40 1404,3042.04,0,2009ApJ...703..441D,B,,19.62,18.38,,,~,3
1595,[BHG88] 40 1555,3271.01,0,2009ApJ...703..441D,B,,18.21,17.32,,,~,3
1597,[BHG88] 40 1705,1762.58,0,2009ApJ...703..441D,B,,16.12,15.53,,14.72,~,3
1770,[BHG88] 40 1737,3243.6,0,2009ApJ...703..441D,B,,17.8,16.47,,,~,3
1604,[BHG88] 40 1943,2491.75,0,2009ApJ...703..441D,B,,15.29,14.77,14.43,14.14,G2V,5
1605,[BHG88] 40 1980,2487.09,100,2006AJ....131.2478M,B,20.582,21.425,19.353,17.874,15.964,M0I,6
1606,[BHG88] 40 1980,2487.09,100,2009ApJ...703..420M,S,20.582,21.425,19.353,17.874,15.964,M0I,6
1610,[BHG88] 40 2138,2441.11,0,2009ApJ...703..441D,B,,17.97,16.9,,,~,3
1612,[BHG88] 40 2196,2427.73,0,2009ApJ...703..441D,B,,19.22,18.01,,,~,4
1616,[BHG88] 40 2464,1781.29,0,2009ApJ...703..441D,B,,17.63,16.88,,,~,3
1618,[BHG88] 40 2533,2534.15,0,2009ApJ...703..441D,B,,17.9,17,,,~,3
1619,[BHG88] 40 2559,1432.8,0,2009ApJ...703..441D,B,,17.58,16.52,,,~,3
1753,[BHG88] 40 2637,1420.7,100,2006AJ....131.2478M,B,17.995,18.428,17.991,17.698,17.288,B8Ia,3
1624,[BHG88] 40 2711,1354.98,90,2009ApJ...703..441D,S,18.401,18.037,17.116,16.62,16.005,A8-F0I,5
1625,[BHG88] 40 2711,1354.98,100,2006AJ....131.2478M,B,18.401,18.037,17.116,16.62,16.005,A8-F0I,5
1626,[BHG88] 40 2711,1354.98,100,2016ApJ...825...50G,B,18.401,18.037,17.116,16.62,16.005,A8-F0I,5
1636,[BHG88] 40 2976,1937.79,0,2009ApJ...703..441D,B,,18.29,17.18,,,~,3
1637,[BHG88] 40 3141,1925.64,0,2009ApJ...703..441D,B,,18.97,18.25,,,~,3
1752,[BHG88] 40 3157,1026.19,100,2006AJ....131.2478M,B,20.633,19.497,17.897,16.868,,M1I:,3
1639,[BHG88] 40 3174,1792.11,0,2009ApJ...703..441D,B,,18.53,17.73,,,~,3
1640,[BHG88] 40 3188,1915.35,0,2009ApJ...703..441D,B,,18.11,17.41,,,~,3
1647,[BHG88] 40 3417,1940.73,0,2009ApJ...703..441D,B,,16.2,15.1,,,~,4
1652,[BHG88] 40 3549,1974.66,0,2009ApJ...703..441D,B,,16.08,15.59,15.23,14.93,~,4
1763,[BHG88] 40 3577,1963.46,0,2009ApJ...703..441D,B,,18.47,17.7,,,~,3
1657,[BHG88] 40 3612,1967.06,0,2009ApJ...703..441D,B,,19.16,18.34,,,~,3
1747,[BHG88] 40 4527,621.12,0,2009ApJ...703..441D,B,,17.92,16.99,,,~,3
1748,[BHG88] 40 4608,728.51,100,2006AJ....131.2478M,B,19.938,18.719,17.241,16.348,,M0-1I:,3
1689,[BHG88] 41 246,855.06,100,2006AJ....131.2478M,B,19.46,19.306,18.998,18.827,,M0I:,3
1750,[BHG88] 41 272,850.19,0,2009ApJ...703..441D,B,,18.28,17.33,,,~,3
1695,[BHG88] 41 606,693.9,100,2006AJ....131.2478M,B,19.823,18.7,17.545,16.922,,K5I:,3
3044,[BHG88] 41 2145,1762.38,100,2006AJ....131.2478M,B,19.842,18.622,17.148,16.239,,M0I:,3
3045,[BHG88] 41 2560,2346.97,100,2006AJ....131.2478M,B,19.634,18.454,17.204,16.437,16.217,K5-M0I:,3
1706,[BHG88] 41 2611,1209.91,100,2006AJ....131.2478M,B,20.82,19.425,17.959,17.054,16.211,K5-M0I:,3
6960,[BHG88] 41 2719,1705.43,100,2006AJ....131.2478M,B,16.34,17.043,16.79,16.599,16.455,B2I,4
2808,[BHG88] 41 3632,1855.69,0,2009ApJ...703..441D,B,,17.03,16.47,,,~,3
3260,[BHG88] 41 4584,3075.16,100,2006AJ....131.2478M,B,21.057,19.938,18.198,16.983,15.514,K5-M0I:,3
6820,[BLR2008] M31 1,947.18,100,2008ApJ...686..948B,B,,,,,,~,1
6821,[BLR2008] M31 2,959.98,100,2008ApJ...686..948B,B,,,,,,~,1
6822,[BLR2008] M31 3,958.04,100,2008ApJ...686..948B,B,,,,,,~,1
6823,[BLR2008] M31 4,967.18,100,2008ApJ...686..948B,B,,,,,,~,1
6824,[BLR2008] M31 5,963.8,100,2008ApJ...686..948B,B,,,,,,~,1